,GID_0,GID_1,NAME_1
0,AFG,AFG_1_1,Badakhshan
1,AFG,AFG_2_1,Badghis
2,AFG,AFG_3_1,Baghlan
3,AFG,AFG_4_1,Balkh
4,AFG,AFG_5_1,Bamyan
5,AFG,AFG_6_1,Daykundi
6,AFG,AFG_7_1,Farah
7,AFG,AFG_8_1,Faryab
8,AFG,AFG_9_1,Ghazni
9,AFG,AFG_10_1,Ghor
10,AFG,AFG_11_1,Hilmand
11,AFG,AFG_12_1,Hirat
12,AFG,AFG_13_1,Jawzjan
13,AFG,AFG_14_1,Kabul
14,AFG,AFG_15_1,Kandahar
15,AFG,AFG_16_1,Kapisa
16,AFG,AFG_17_1,Khost
17,AFG,AFG_18_1,Kunar
18,AFG,AFG_19_1,Kunduz
19,AFG,AFG_20_1,Laghman
20,AFG,AFG_21_1,Logar
21,AFG,AFG_22_1,Nangarhar
22,AFG,AFG_23_1,Nimroz
23,AFG,AFG_24_1,Nuristan
24,AFG,AFG_25_1,Paktika
25,AFG,AFG_26_1,Paktya
26,AFG,AFG_27_1,Panjshir
27,AFG,AFG_28_1,Parwan
28,AFG,AFG_29_1,Samangan
29,AFG,AFG_30_1,Sari Pul
30,AFG,AFG_31_1,Takhar
31,AFG,AFG_32_1,Uruzgan
32,AFG,AFG_33_1,Wardak
33,AFG,AFG_34_1,Zabul
34,AGO,AGO_1_1,Bengo
35,AGO,AGO_2_1,Benguela
36,AGO,AGO_3_1,Bié
37,AGO,AGO_4_1,Cabinda
38,AGO,AGO_5_1,Cuando Cubango
39,AGO,AGO_6_1,Cuanza Norte
40,AGO,AGO_7_1,Cuanza Sul
41,AGO,AGO_8_1,Cunene
42,AGO,AGO_9_1,Huambo
43,AGO,AGO_10_1,Huíla
44,AGO,AGO_11_1,Luanda
45,AGO,AGO_12_1,Lunda Norte
46,AGO,AGO_13_1,Lunda Sul
47,AGO,AGO_14_1,Malanje
48,AGO,AGO_15_1,Moxico
49,AGO,AGO_16_1,Namibe
50,AGO,AGO_17_1,Uíge
51,AGO,AGO_18_1,Zaire
52,AIA,AIA_1_1,Blowing Point
53,AIA,AIA_15_1,Dog Island
54,AIA,AIA_2_1,East End
55,AIA,AIA_3_1,George Hill
56,AIA,AIA_4_1,Island Harbour
57,AIA,AIA_5_1,North Hill
58,AIA,AIA_6_1,North Side
59,AIA,AIA_16_1,Pricly Pear Cays
60,AIA,AIA_7_1,Sandy Ground
61,AIA,AIA_8_1,Sandy Hill
62,AIA,AIA_17_1,Scrub Island
63,AIA,AIA_18_1,Sombrero Island
64,AIA,AIA_9_1,South Hill
65,AIA,AIA_10_1,Stoney Ground
66,AIA,AIA_11_1,The Farrington
67,AIA,AIA_12_1,The Quarter
68,AIA,AIA_13_1,The Valley
69,AIA,AIA_14_1,West End
70,ALA,ALA_1_2,Archipelago
71,ALA,ALA_2_2,Countryside
72,ALA,ALA_3_2,Mariehamn
73,ALB,ALB_1_1,Berat
74,ALB,ALB_2_1,Dibër
75,ALB,ALB_3_1,Durrës
76,ALB,ALB_4_1,Elbasan
77,ALB,ALB_5_1,Fier
78,ALB,ALB_6_1,Gjirokastër
79,ALB,ALB_7_1,Korçë
80,ALB,ALB_8_1,Kukës
81,ALB,ALB_9_1,Lezhë
82,ALB,ALB_10_1,Shkodër
83,ALB,ALB_11_1,Tiranë
84,ALB,ALB_12_1,Vlorë
85,AND,AND_1_1,Andorra la Vella
86,AND,AND_2_1,Canillo
87,AND,AND_3_1,Encamp
88,AND,AND_4_1,Escaldes-Engordany
89,AND,AND_5_1,La Massana
90,AND,AND_6_1,Ordino
91,AND,AND_7_1,Sant Julià de Lòria
92,ARE,ARE_1_1,Abu Dhabi
93,ARE,ARE_2_1,Ajman
94,ARE,ARE_3_1,Dubai
95,ARE,ARE_4_1,Fujairah
96,ARE,ARE_5_1,Ras Al-Khaimah
97,ARE,ARE_6_1,Sharjah
98,ARE,ARE_7_1,Umm al-Qaywayn
99,ARG,ARG_1_1,Buenos Aires
100,ARG,ARG_2_1,Catamarca
101,ARG,ARG_3_1,Chaco
102,ARG,ARG_4_1,Chubut
103,ARG,ARG_5_1,Ciudad de Buenos Aires
104,ARG,ARG_6_1,Córdoba
105,ARG,ARG_7_1,Corrientes
106,ARG,ARG_8_1,Entre Ríos
107,ARG,ARG_9_1,Formosa
108,ARG,ARG_10_1,Jujuy
109,ARG,ARG_11_1,La Pampa
110,ARG,ARG_12_1,La Rioja
111,ARG,ARG_13_1,Mendoza
112,ARG,ARG_14_1,Misiones
113,ARG,ARG_15_1,Neuquén
114,ARG,ARG_16_1,Río Negro
115,ARG,ARG_17_1,Salta
116,ARG,ARG_18_1,San Juan
117,ARG,ARG_19_1,San Luis
118,ARG,ARG_20_1,Santa Cruz
119,ARG,ARG_21_1,Santa Fe
120,ARG,ARG_22_1,Santiago del Estero
121,ARG,ARG_23_1,Tierra del Fuego
122,ARG,ARG_24_1,Tucumán
123,ARM,ARM_1_1,Aragatsotn
124,ARM,ARM_2_1,Ararat
125,ARM,ARM_3_1,Armavir
126,ARM,ARM_4_1,Erevan
127,ARM,ARM_5_1,Gegharkunik
128,ARM,ARM_6_1,Kotayk
129,ARM,ARM_7_1,Lori
130,ARM,ARM_8_1,Shirak
131,ARM,ARM_9_1,Syunik
132,ARM,ARM_10_1,Tavush
133,ARM,ARM_11_1,Vayots Dzor
134,ASM,ASM_1_1,Eastern
135,ASM,ASM_2_1,Manu'a
136,ASM,ASM_3_1,Unorganized
137,ASM,ASM_4_1,Western
138,ATF,ATF_1_1,Îles Crozet
139,ATF,ATF_2_1,Îles Éparses
140,ATF,ATF_3_1,Îles Saint Paul et Amsterdam
141,ATF,ATF_4_1,Kerguelen
142,ATG,ATG_1_1,Barbuda
143,ATG,ATG_2_1,Redonda
144,ATG,ATG_3_1,Saint George
145,ATG,ATG_4_1,Saint John
146,ATG,ATG_5_1,Saint Mary
147,ATG,ATG_6_1,Saint Paul
148,ATG,ATG_7_1,Saint Peter
149,ATG,ATG_8_1,Saint Philip
150,AUS,AUS_1_1,Ashmore and Cartier Islands
151,AUS,AUS_2_1,Australian Capital Territory
152,AUS,AUS_3_1,Coral Sea Islands Territory
153,AUS,AUS_4_1,Jervis Bay Territory
154,AUS,AUS_5_1,New South Wales
155,AUS,AUS_6_1,Northern Territory
156,AUS,AUS_7_1,Queensland
157,AUS,AUS_8_1,South Australia
158,AUS,AUS_9_1,Tasmania
159,AUS,AUS_10_1,Victoria
160,AUS,AUS_11_1,Western Australia
161,AUT,AUT_1_1,Burgenland
162,AUT,AUT_2_1,Kärnten
163,AUT,AUT_3_1,Niederösterreich
164,AUT,AUT_4_1,Oberösterreich
165,AUT,AUT_5_1,Salzburg
166,AUT,AUT_6_1,Steiermark
167,AUT,AUT_7_1,Tirol
168,AUT,AUT_8_1,Vorarlberg
169,AUT,AUT_9_1,Wien
170,AZE,AZE_1_1,Absheron
171,AZE,AZE_2_1,Aran
172,AZE,AZE_3_1,Daglig-Shirvan
173,AZE,AZE_4_1,Ganja-Qazakh
174,AZE,AZE_5_1,Kalbajar-Lachin
175,AZE,AZE_6_1,Lankaran
176,AZE,AZE_7_1,Nakhchivan
177,AZE,AZE_8_1,Quba-Khachmaz
178,AZE,AZE_9_1,Shaki-Zaqatala
179,AZE,AZE_10_1,Yukhari-Karabakh
180,BDI,BDI_1_1,Bubanza
181,BDI,BDI_2_1,Bujumbura Mairie
182,BDI,BDI_3_1,Bujumbura Rural
183,BDI,BDI_4_1,Bururi
184,BDI,BDI_5_1,Cankuzo
185,BDI,BDI_6_1,Cibitoke
186,BDI,BDI_7_1,Gitega
187,BDI,BDI_8_1,Karuzi
188,BDI,BDI_9_1,Kayanza
189,BDI,BDI_10_1,Kirundo
190,BDI,BDI_11_1,Makamba
191,BDI,BDI_12_1,Muramvya
192,BDI,BDI_13_1,Muyinga
193,BDI,BDI_14_1,Mwaro
194,BDI,BDI_15_1,Ngozi
195,BDI,BDI_16_1,Rutana
196,BDI,BDI_17_1,Ruyigi
197,BEL,BEL_1_1,Bruxelles
198,BEL,BEL_2_1,Vlaanderen
199,BEL,BEL_3_1,Wallonie
200,BEN,BEN_1_1,Alibori
201,BEN,BEN_2_1,Atakora
202,BEN,BEN_3_1,Atlantique
203,BEN,BEN_4_1,Borgou
204,BEN,BEN_5_1,Collines
205,BEN,BEN_6_1,Donga
206,BEN,BEN_7_1,Kouffo
207,BEN,BEN_8_1,Littoral
208,BEN,BEN_9_1,Mono
209,BEN,BEN_10_1,Ouémé
210,BEN,BEN_11_1,Plateau
211,BEN,BEN_12_1,Zou
212,BES,BES_1_1,Bonaire
213,BES,BES_2_1,Saba
214,BES,BES_3_1,Sint Eustatius
215,BFA,BFA_1_1,Boucle du Mouhoun
216,BFA,BFA_2_1,Cascades
217,BFA,BFA_7_1,Centre
218,BFA,BFA_3_1,Centre-Est
219,BFA,BFA_4_1,Centre-Nord
220,BFA,BFA_5_1,Centre-Ouest
221,BFA,BFA_6_1,Centre-Sud
222,BFA,BFA_8_1,Est
223,BFA,BFA_9_1,Haut-Bassins
224,BFA,BFA_10_1,Nord
225,BFA,BFA_11_1,Plateau-Central
226,BFA,BFA_12_1,Sahel
227,BFA,BFA_13_1,Sud-Ouest
228,BGD,BGD_1_1,Barisal
229,BGD,BGD_2_1,Chittagong
230,BGD,BGD_3_1,Dhaka
231,BGD,BGD_4_1,Khulna
232,BGD,BGD_8_1,Mymensingh
233,BGD,BGD_5_1,Rajshahi
234,BGD,BGD_6_1,Rangpur
235,BGD,BGD_7_1,Sylhet
236,BGR,BGR_1_1,Blagoevgrad
237,BGR,BGR_2_1,Burgas
238,BGR,BGR_3_1,Dobrich
239,BGR,BGR_4_1,Gabrovo
240,BGR,BGR_5_1,Grad Sofiya
241,BGR,BGR_6_1,Haskovo
242,BGR,BGR_7_1,Kardzhali
243,BGR,BGR_8_1,Kyustendil
244,BGR,BGR_9_1,Lovech
245,BGR,BGR_10_1,Montana
246,BGR,BGR_11_1,Pazardzhik
247,BGR,BGR_12_1,Pernik
248,BGR,BGR_13_1,Pleven
249,BGR,BGR_14_1,Plovdiv
250,BGR,BGR_15_1,Razgrad
251,BGR,BGR_16_1,Ruse
252,BGR,BGR_17_1,Shumen
253,BGR,BGR_18_1,Silistra
254,BGR,BGR_19_1,Sliven
255,BGR,BGR_20_1,Smolyan
256,BGR,BGR_21_1,Sofia
257,BGR,BGR_22_1,Stara Zagora
258,BGR,BGR_23_1,Targovishte
259,BGR,BGR_24_1,Varna
260,BGR,BGR_25_1,Veliko Tarnovo
261,BGR,BGR_26_1,Vidin
262,BGR,BGR_27_1,Vratsa
263,BGR,BGR_28_1,Yambol
264,BHR,BHR_1_1,Capital
265,BHR,BHR_3_1,Muharraq
266,BHR,BHR_4_1,Northern
267,BHR,BHR_5_1,Southern
268,BHS,BHS_1_1,Acklins
269,BHS,BHS_2_1,Berry Islands
270,BHS,BHS_3_1,Biminis
271,BHS,BHS_4_1,Black Point
272,BHS,BHS_5_1,Cat Island
273,BHS,BHS_6_1,Central Abaco
274,BHS,BHS_7_1,Central Andros
275,BHS,BHS_8_1,Central Eleuthera
276,BHS,BHS_9_1,City of Freeport
277,BHS,BHS_10_1,Crooked Island
278,BHS,BHS_11_1,East Grand Bahama
279,BHS,BHS_12_1,Exuma
280,BHS,BHS_13_1,Grand Cay
281,BHS,BHS_14_1,Harbour Island
282,BHS,BHS_15_1,Hope Town
283,BHS,BHS_16_1,Inagua
284,BHS,BHS_17_1,Long Island
285,BHS,BHS_18_1,Mangrove Cay
286,BHS,BHS_19_1,Mayaguana
287,BHS,BHS_20_1,Moore's Island
288,BHS,BHS_21_1,New Providence
289,BHS,BHS_22_1,North Abaco
290,BHS,BHS_23_1,North Andros
291,BHS,BHS_24_1,North Eleuthera
292,BHS,BHS_25_1,Ragged Island
293,BHS,BHS_26_1,Rum Cay
294,BHS,BHS_27_1,San Salvador
295,BHS,BHS_28_1,South Abaco
296,BHS,BHS_29_1,South Andros
297,BHS,BHS_30_1,South Eleuthera
298,BHS,BHS_31_1,Spanish Wells
299,BHS,BHS_32_1,West Grand Bahama
300,BIH,BIH_1_1,Brčko
301,BIH,BIH_2_1,Federacija Bosna i Hercegovina
302,BIH,BIH_3_1,Repuplika Srpska
303,BLM,BLM_1_1,Au Vent
304,BLM,BLM_2_1,Sous le Vent
305,BLR,BLR_1_1,Brest
306,BLR,BLR_2_1,Gomel
307,BLR,BLR_3_1,Grodno
308,BLR,BLR_5_1,Minsk
309,BLR,BLR_7_1,Minsk
310,BLR,BLR_4_1,Mogilev
311,BLR,BLR_6_1,Vitebsk
312,BLZ,BLZ_1_1,Belize
313,BLZ,BLZ_2_1,Cayo
314,BLZ,BLZ_3_1,Corozal
315,BLZ,BLZ_4_1,Orange Walk
316,BLZ,BLZ_5_1,Stann Creek
317,BLZ,BLZ_6_1,Toledo
318,BMU,BMU_1_1,Devonshire
319,BMU,BMU_2_1,Hamilton
320,BMU,BMU_3_1,Hamilton Municipality
321,BMU,BMU_4_1,Paget
322,BMU,BMU_5_1,Pembroke
323,BMU,BMU_6_1,Saint George's
324,BMU,BMU_7_1,Saint George municipality
325,BMU,BMU_8_1,Sandys
326,BMU,BMU_9_1,Smiths
327,BMU,BMU_10_1,Southampton
328,BMU,BMU_11_1,Warwick
329,BOL,BOL_3_1,Beni
330,BOL,BOL_1_1,Chuquisaca
331,BOL,BOL_2_1,Cochabamba
332,BOL,BOL_4_1,La Paz
333,BOL,BOL_5_1,Oruro
334,BOL,BOL_6_1,Pando
335,BOL,BOL_7_1,Potosí
336,BOL,BOL_8_1,Santa Cruz
337,BOL,BOL_9_1,Tarija
338,BRA,BRA_1_1,Acre
339,BRA,BRA_2_1,Alagoas
340,BRA,BRA_3_1,Amapá
341,BRA,BRA_4_1,Amazonas
342,BRA,BRA_5_1,Bahia
343,BRA,BRA_6_1,Ceará
344,BRA,BRA_7_1,Distrito Federal
345,BRA,BRA_8_1,Espírito Santo
346,BRA,BRA_9_1,Goiás
347,BRA,BRA_10_1,Maranhão
348,BRA,BRA_12_1,Mato Grosso
349,BRA,BRA_11_1,Mato Grosso do Sul
350,BRA,BRA_13_1,Minas Gerais
351,BRA,BRA_14_1,Pará
352,BRA,BRA_15_1,Paraíba
353,BRA,BRA_16_1,Paraná
354,BRA,BRA_17_1,Pernambuco
355,BRA,BRA_18_1,Piauí
356,BRA,BRA_19_1,Rio de Janeiro
357,BRA,BRA_20_1,Rio Grande do Norte
358,BRA,BRA_21_1,Rio Grande do Sul
359,BRA,BRA_22_1,Rondônia
360,BRA,BRA_23_1,Roraima
361,BRA,BRA_24_1,Santa Catarina
362,BRA,BRA_25_1,São Paulo
363,BRA,BRA_26_1,Sergipe
364,BRA,BRA_27_1,Tocantins
365,BRB,BRB_1_1,Christ Church
366,BRB,BRB_2_1,Saint Andrew
367,BRB,BRB_3_1,Saint George
368,BRB,BRB_4_1,Saint James
369,BRB,BRB_5_1,Saint John
370,BRB,BRB_6_1,Saint Joseph
371,BRB,BRB_7_1,Saint Lucy
372,BRB,BRB_8_1,Saint Michael
373,BRB,BRB_9_1,Saint Peter
374,BRB,BRB_10_1,Saint Philip
375,BRB,BRB_11_1,Saint Thomas
376,BRN,BRN_1_1,Belait
377,BRN,BRN_2_1,Brunei and Muara
378,BRN,BRN_3_1,Temburong
379,BRN,BRN_4_1,Tutong
380,BTN,BTN_1_1,Bumthang
381,BTN,BTN_2_1,Chhukha
382,BTN,BTN_3_1,Dagana
383,BTN,BTN_4_1,Gasa
384,BTN,BTN_5_1,Haa
385,BTN,BTN_6_1,Lhuentse
386,BTN,BTN_7_1,Monggar
387,BTN,BTN_8_1,Paro
388,BTN,BTN_9_1,Pema Gatshel
389,BTN,BTN_10_1,Punakha
390,BTN,BTN_11_1,Samdrup Jongkhar
391,BTN,BTN_12_1,Samtse
392,BTN,BTN_13_1,Sarpang
393,BTN,BTN_14_1,Thimphu
394,BTN,BTN_19_1,Trashi Yangtse
395,BTN,BTN_15_1,Trashigang
396,BTN,BTN_16_1,Trongsa
397,BTN,BTN_17_1,Tsirang
398,BTN,BTN_18_1,Wangdue Phodrang
399,BTN,BTN_20_1,Zhemgang
400,BWA,BWA_1_1,Central
401,BWA,BWA_2_1,Chobe
402,BWA,BWA_3_1,Francistown
403,BWA,BWA_4_1,Gaborone
404,BWA,BWA_5_1,Ghanzi
405,BWA,BWA_6_1,Jwaneng
406,BWA,BWA_7_1,Kgalagadi
407,BWA,BWA_8_1,Kgatleng
408,BWA,BWA_9_1,Kweneng
409,BWA,BWA_10_1,Lobatse
410,BWA,BWA_11_1,North-East
411,BWA,BWA_12_1,North-West
412,BWA,BWA_13_1,Selibe Phikwe
413,BWA,BWA_14_1,South-East
414,BWA,BWA_15_1,Southern
415,BWA,BWA_16_1,Sowa
416,CAF,CAF_1_1,Bamingui-Bangoran
417,CAF,CAF_2_1,Bangui
418,CAF,CAF_3_1,Basse-Kotto
419,CAF,CAF_4_1,Haut-Mbomou
420,CAF,CAF_5_1,Haute-Kotto
421,CAF,CAF_6_1,Kémo
422,CAF,CAF_7_1,Lobaye
423,CAF,CAF_8_1,Mambéré-Kadéï
424,CAF,CAF_9_1,Mbomou
425,CAF,CAF_10_1,Nana-Grébizi
426,CAF,CAF_11_1,Nana-Mambéré
427,CAF,CAF_12_1,Ombella-M'Poko
428,CAF,CAF_13_1,Ouaka
429,CAF,CAF_15_1,Ouham
430,CAF,CAF_14_1,Ouham-Pendé
431,CAF,CAF_16_1,Sangha-Mbaéré
432,CAF,CAF_17_1,Vakaga
433,CAN,CAN_1_1,Alberta
434,CAN,CAN_2_1,British Columbia
435,CAN,CAN_3_1,Manitoba
436,CAN,CAN_4_1,New Brunswick
437,CAN,CAN_5_1,Newfoundland and Labrador
438,CAN,CAN_6_1,Northwest Territories
439,CAN,CAN_7_1,Nova Scotia
440,CAN,CAN_8_1,Nunavut
441,CAN,CAN_9_1,Ontario
442,CAN,CAN_10_1,Prince Edward Island
443,CAN,CAN_11_1,Québec
444,CAN,CAN_12_1,Saskatchewan
445,CAN,CAN_13_1,Yukon
446,CHE,CHE_1_1,Aargau
447,CHE,CHE_2_1,Appenzell Ausserrhoden
448,CHE,CHE_3_1,Appenzell Innerrhoden
449,CHE,CHE_4_1,Basel-Landschaft
450,CHE,CHE_5_1,Basel-Stadt
451,CHE,CHE_6_1,Bern
452,CHE,CHE_7_1,Fribourg
453,CHE,CHE_8_1,Genève
454,CHE,CHE_9_1,Glarus
455,CHE,CHE_10_1,Graubünden
456,CHE,CHE_11_1,Jura
457,CHE,CHE_12_1,Lucerne
458,CHE,CHE_13_1,Neuchâtel
459,CHE,CHE_14_1,Nidwalden
460,CHE,CHE_15_1,Obwalden
461,CHE,CHE_16_1,Sankt Gallen
462,CHE,CHE_17_1,Schaffhausen
463,CHE,CHE_18_1,Schwyz
464,CHE,CHE_19_1,Solothurn
465,CHE,CHE_20_1,Thurgau
466,CHE,CHE_21_1,Ticino
467,CHE,CHE_22_1,Uri
468,CHE,CHE_23_1,Valais
469,CHE,CHE_24_1,Vaud
470,CHE,CHE_25_1,Zug
471,CHE,CHE_26_1,Zürich
472,CHL,CHL_2_1,Antofagasta
473,CHL,CHL_3_1,Araucanía
474,CHL,CHL_4_1,Arica y Parinacota
475,CHL,CHL_5_1,Atacama
476,CHL,CHL_1_1,Aysén del General Ibañez del Cam
477,CHL,CHL_6_1,Bío-Bío
478,CHL,CHL_7_1,Coquimbo
479,CHL,CHL_8_1,Libertador General Bernardo O'Hi
480,CHL,CHL_9_1,Los Lagos
481,CHL,CHL_10_1,Los Ríos
482,CHL,CHL_11_1,Magallanes y Antártica Chilena
483,CHL,CHL_12_1,Maule
484,CHL,CHL_13_1,Ñuble
485,CHL,CHL_14_1,Santiago Metropolitan
486,CHL,CHL_15_1,Tarapacá
487,CHL,CHL_16_1,Valparaíso
488,CHN,CHN_1_1,Anhui
489,CHN,CHN_2_1,Beijing
490,CHN,CHN_3_1,Chongqing
491,CHN,CHN_4_1,Fujian
492,CHN,CHN_5_1,Gansu
493,CHN,CHN_6_1,Guangdong
494,CHN,CHN_7_1,Guangxi
495,CHN,CHN_8_1,Guizhou
496,CHN,CHN_9_1,Hainan
497,CHN,CHN_10_1,Hebei
498,CHN,CHN_11_1,Heilongjiang
499,CHN,CHN_12_1,Henan
500,CHN,CHN_HKG,Hong Kong
501,CHN,CHN_13_1,Hubei
502,CHN,CHN_14_1,Hunan
503,CHN,CHN_15_1,Jiangsu
504,CHN,CHN_16_1,Jiangxi
505,CHN,CHN_17_1,Jilin
506,CHN,CHN_18_1,Liaoning
507,CHN,CHN_MAC,Macau
508,CHN,CHN_19_1,Nei Mongol
509,CHN,CHN_20_1,Ningxia Hui
510,CHN,CHN_21_1,Qinghai
511,CHN,CHN_22_1,Shaanxi
512,CHN,CHN_23_1,Shandong
513,CHN,CHN_24_1,Shanghai
514,CHN,CHN_25_1,Shanxi
515,CHN,CHN_26_1,Sichuan
516,CHN,CHN_27_1,Tianjin
517,CHN,CHN_28_1,Xinjiang Uygur
518,Z02,Z02_28_1,Xinjiang Uygur
519,Z03,Z03_28_1,Xinjiang Uygur
520,CHN,CHN_29_1,Xizang
521,Z03,Z03_29_1,Xizang
522,Z08,Z08_29_1,Xizang
523,CHN,CHN_30_1,Yunnan
524,CHN,CHN_31_1,Zhejiang
525,CIV,CIV_1_1,Abidjan
526,CIV,CIV_2_1,Bas-Sassandra
527,CIV,CIV_3_1,Comoé
528,CIV,CIV_4_1,Denguélé
529,CIV,CIV_5_1,Gôh-Djiboua
530,CIV,CIV_6_1,Lacs
531,CIV,CIV_7_1,Lagunes
532,CIV,CIV_8_1,Montagnes
533,CIV,CIV_9_1,Sassandra-Marahoué
534,CIV,CIV_10_1,Savanes
535,CIV,CIV_11_1,Vallée du Bandama
536,CIV,CIV_12_1,Woroba
537,CIV,CIV_13_1,Yamoussoukro
538,CIV,CIV_14_1,Zanzan
539,CMR,CMR_1_1,Adamaoua
540,CMR,CMR_2_1,Centre
541,CMR,CMR_3_1,Est
542,CMR,CMR_4_1,Extrême-Nord
543,CMR,CMR_5_1,Littoral
544,CMR,CMR_7_1,Nord
545,CMR,CMR_6_1,Nord-Ouest
546,CMR,CMR_8_1,Ouest
547,CMR,CMR_10_1,Sud
548,CMR,CMR_9_1,Sud-Ouest
549,COD,COD_1_1,Bas-Uele
550,COD,COD_2_1,Équateur
551,COD,COD_3_1,Haut-Katanga
552,COD,COD_4_1,Haut-Lomami
553,COD,COD_5_1,Haut-Uele
554,COD,COD_6_1,Ituri
555,COD,COD_9_1,Kasaï
556,COD,COD_7_1,Kasaï-Central
557,COD,COD_8_1,Kasaï-Oriental
558,COD,COD_10_1,Kinshasa
559,COD,COD_11_1,Kongo-Central
560,COD,COD_12_1,Kwango
561,COD,COD_13_1,Kwilu
562,COD,COD_14_1,Lomami
563,COD,COD_15_1,Lualaba
564,COD,COD_16_1,Mai-Ndombe
565,COD,COD_17_1,Maniema
566,COD,COD_18_1,Mongala
567,COD,COD_19_1,Nord-Kivu
568,COD,COD_20_1,Nord-Ubangi
569,COD,COD_21_1,Sankuru
570,COD,COD_22_1,Sud-Kivu
571,COD,COD_23_1,Sud-Ubangi
572,COD,COD_24_1,Tanganyika
573,COD,COD_25_1,Tshopo
574,COD,COD_26_1,Tshuapa
575,COG,COG_1_1,Bouenza
576,COG,COG_2_1,Brazzaville
577,COG,COG_4_1,Cuvette
578,COG,COG_3_1,Cuvette-Ouest
579,COG,COG_5_1,Kouilou
580,COG,COG_6_1,Lékoumou
581,COG,COG_7_1,Likouala
582,COG,COG_8_1,Niari
583,COG,COG_9_1,Plateaux
584,COG,COG_10_1,Pointe Noire
585,COG,COG_11_1,Pool
586,COG,COG_12_1,Sangha
587,COK,COK_1_1,Aitutaki
588,COK,COK_2_1,Atiu
589,COK,COK_3_1,Mangaia
590,COK,COK_4_1,Manihiki
591,COK,COK_5_1,Mauke
592,COK,COK_6_1,Mitiaro
593,COK,COK_7_1,Palmerston
594,COK,COK_8_1,Penhryn
595,COK,COK_9_1,Pukapuka
596,COK,COK_10_1,Rakahanga
597,COK,COK_11_1,Rarotonga
598,COL,COL_1_2,Amazonas
599,COL,COL_2_2,Antioquia
600,COL,COL_3_2,Arauca
601,COL,COL_4_2,Atlántico
602,COL,COL_5_2,Bogotá D.C.
603,COL,COL_6_2,Bolívar
604,COL,COL_7_2,Boyacá
605,COL,COL_8_2,Caldas
606,COL,COL_9_2,Caquetá
607,COL,COL_10_2,Casanare
608,COL,COL_11_2,Cauca
609,COL,COL_12_2,Cesar
610,COL,COL_13_2,Chocó
611,COL,COL_14_2,Córdoba
612,COL,COL_15_2,Cundinamarca
613,COL,COL_16_2,Guainía
614,COL,COL_17_2,Guaviare
615,COL,COL_18_2,Huila
616,COL,COL_19_2,La Guajira
617,COL,COL_20_2,Magdalena
618,COL,COL_21_2,Meta
619,COL,COL_22_2,Nariño
620,COL,COL_23_2,Norte de Santander
621,COL,COL_24_2,Putumayo
622,COL,COL_25_2,Quindío
623,COL,COL_26_2,Risaralda
624,COL,COL_27_1,San Andrés y Providencia
625,COL,COL_28_2,Santander
626,COL,COL_29_2,Sucre
627,COL,COL_30_2,Tolima
628,COL,COL_31_2,Valle del Cauca
629,COL,COL_32_2,Vaupés
630,COL,COL_33_2,Vichada
631,COM,COM_3_1,Mwali
632,COM,COM_2_1,Njazídja
633,COM,COM_1_1,Nzwani
634,CPV,CPV_1_1,Boa Vista
635,CPV,CPV_2_1,Brava
636,CPV,CPV_3_1,Maio
637,CPV,CPV_4_1,Mosteiros
638,CPV,CPV_5_1,Paúl
639,CPV,CPV_6_1,Porto Novo
640,CPV,CPV_7_1,Praia
641,CPV,CPV_8_1,Ribeira Brava
642,CPV,CPV_9_1,Ribeira Grande
643,CPV,CPV_10_1,Ribeira Grande de Santiago
644,CPV,CPV_11_1,Sal
645,CPV,CPV_12_1,Santa Catarina
646,CPV,CPV_13_1,Santa Catarina do Fogo
647,CPV,CPV_14_1,Santa Cruz
648,CPV,CPV_15_1,São Domingos
649,CPV,CPV_16_1,São Filipe
650,CPV,CPV_17_1,São Lourenço dos Órgãos
651,CPV,CPV_18_1,São Miguel
652,CPV,CPV_19_1,São Salvador do Mundo
653,CPV,CPV_20_1,São Vicente
654,CPV,CPV_21_1,Tarrafal
655,CPV,CPV_22_1,Tarrafal de São Nicolau
656,CRI,CRI_1_1,Alajuela
657,CRI,CRI_2_1,Cartago
658,CRI,CRI_3_1,Guanacaste
659,CRI,CRI_4_1,Heredia
660,CRI,CRI_5_1,Limón
661,CRI,CRI_6_1,Puntarenas
662,CRI,CRI_7_1,San José
663,CUB,CUB_1_1,Camagüey
664,CUB,CUB_2_1,Ciego de Ávila
665,CUB,CUB_3_1,Cienfuegos
666,CUB,CUB_4_1,Ciudad de la Habana
667,CUB,CUB_5_1,Granma
668,CUB,CUB_6_1,Guantánamo
669,CUB,CUB_7_1,Holguín
670,CUB,CUB_8_1,Isla de la Juventud
671,CUB,CUB_9_1,La Habana
672,CUB,CUB_10_1,Las Tunas
673,CUB,CUB_11_1,Matanzas
674,CUB,CUB_12_1,Mayabeque
675,CUB,CUB_13_1,Pinar del Río
676,CUB,CUB_14_1,Sancti Spíritus
677,CUB,CUB_15_1,Santiago de Cuba
678,CUB,CUB_16_1,Villa Clara
679,CYM,CYM_1_1,Bodden Town
680,CYM,CYM_3_1,East End
681,CYM,CYM_4_1,George Town
682,CYM,CYM_6_1,North Side
683,CYM,CYM_8_1,Sister Islands
684,CYM,CYM_7_1,West Bay
685,CYP,CYP_1_1,Famagusta
686,CYP,CYP_2_1,Larnaca
687,CYP,CYP_3_1,Limassol
688,CYP,CYP_4_1,Nicosia
689,CYP,CYP_5_1,Paphos
690,CZE,CZE_1_1,Jihočeský
691,CZE,CZE_2_1,Jihomoravský
692,CZE,CZE_3_1,Karlovarský
693,CZE,CZE_4_1,Kraj Vysočina
694,CZE,CZE_5_1,Královéhradecký
695,CZE,CZE_6_1,Liberecký
696,CZE,CZE_7_1,Moravskoslezský
697,CZE,CZE_8_1,Olomoucký
698,CZE,CZE_9_1,Pardubický
699,CZE,CZE_10_1,Plzeňský
700,CZE,CZE_11_1,Prague
701,CZE,CZE_12_1,Středočeský
702,CZE,CZE_13_1,Ústecký
703,CZE,CZE_14_1,Zlínský
704,DEU,DEU_1_1,Baden-Württemberg
705,DEU,DEU_2_1,Bayern
706,DEU,DEU_3_1,Berlin
707,DEU,DEU_4_1,Brandenburg
708,DEU,DEU_5_1,Bremen
709,DEU,DEU_6_1,Hamburg
710,DEU,DEU_7_1,Hessen
711,DEU,DEU_8_1,Mecklenburg-Vorpommern
712,DEU,DEU_9_1,Niedersachsen
713,DEU,DEU_10_1,Nordrhein-Westfalen
714,DEU,DEU_11_1,Rheinland-Pfalz
715,DEU,DEU_12_1,Saarland
716,DEU,DEU_14_1,Sachsen
717,DEU,DEU_13_1,Sachsen-Anhalt
718,DEU,DEU_15_1,Schleswig-Holstein
719,DEU,DEU_16_1,Thüringen
720,DJI,DJI_1_2,Ali Sabieh
721,DJI,DJI_6_1,Arta
722,DJI,DJI_2_1,Dikhil
723,DJI,DJI_3_1,Djiboutii
724,DJI,DJI_4_1,Obock
725,DJI,DJI_5_1,Tadjoura
726,DMA,DMA_1_1,Saint Andrew
727,DMA,DMA_2_1,Saint David
728,DMA,DMA_3_1,Saint George
729,DMA,DMA_4_1,Saint John
730,DMA,DMA_5_1,Saint Joseph
731,DMA,DMA_6_1,Saint Luke
732,DMA,DMA_7_1,Saint Mark
733,DMA,DMA_8_1,Saint Patrick
734,DMA,DMA_9_1,Saint Paul
735,DMA,DMA_10_1,Saint Peter
736,DNK,DNK_1_1,Hovedstaden
737,DNK,DNK_2_1,Midtjylland
738,DNK,DNK_3_1,Nordjylland
739,DNK,DNK_4_1,Sjælland
740,DNK,DNK_5_1,Syddanmark
741,DOM,DOM_1_1,Azua
742,DOM,DOM_2_1,Bahoruco
743,DOM,DOM_3_1,Barahona
744,DOM,DOM_4_1,Dajabón
745,DOM,DOM_5_1,Distrito Nacional
746,DOM,DOM_6_1,Duarte
747,DOM,DOM_7_1,El Seybo
748,DOM,DOM_8_1,Espaillat
749,DOM,DOM_9_1,Hato Mayor
750,DOM,DOM_10_1,Independencia
751,DOM,DOM_11_1,La Altagracia
752,DOM,DOM_12_1,La Estrelleta
753,DOM,DOM_13_1,La Romana
754,DOM,DOM_14_1,La Vega
755,DOM,DOM_15_1,María Trinidad Sánchez
756,DOM,DOM_16_1,Monseñor Nouel
757,DOM,DOM_17_1,Monte Cristi
758,DOM,DOM_18_1,Monte Plata
759,DOM,DOM_19_1,Pedernales
760,DOM,DOM_20_1,Peravia
761,DOM,DOM_21_1,Puerto Plata
762,DOM,DOM_22_1,Salcedo
763,DOM,DOM_23_1,Samaná
764,DOM,DOM_24_1,San Cristóbal
765,DOM,DOM_25_1,San José de Ocoa
766,DOM,DOM_26_1,San Juan
767,DOM,DOM_27_1,San Pedro de Macorís
768,DOM,DOM_28_1,Sánchez Ramírez
769,DOM,DOM_30_1,Santiago
770,DOM,DOM_29_1,Santiago Rodríguez
771,DOM,DOM_31_1,Santo Domingo
772,DOM,DOM_32_1,Valverde
773,DZA,DZA_1_1,Adrar
774,DZA,DZA_2_1,Aïn Defla
775,DZA,DZA_3_1,Aïn Témouchent
776,DZA,DZA_4_1,Alger
777,DZA,DZA_5_1,Annaba
778,DZA,DZA_6_1,Batna
779,DZA,DZA_7_1,Béchar
780,DZA,DZA_8_1,Béjaïa
781,DZA,DZA_9_1,Biskra
782,DZA,DZA_10_1,Blida
783,DZA,DZA_11_1,Bordj Bou Arréridj
784,DZA,DZA_12_1,Bouira
785,DZA,DZA_13_1,Boumerdès
786,DZA,DZA_14_1,Chlef
787,DZA,DZA_15_1,Constantine
788,DZA,DZA_16_1,Djelfa
789,DZA,DZA_17_1,El Bayadh
790,DZA,DZA_18_1,El Oued
791,DZA,DZA_19_1,El Tarf
792,DZA,DZA_20_1,Ghardaïa
793,DZA,DZA_21_1,Guelma
794,DZA,DZA_22_1,Illizi
795,DZA,DZA_23_1,Jijel
796,DZA,DZA_24_1,Khenchela
797,DZA,DZA_25_1,Laghouat
798,DZA,DZA_26_1,M'Sila
799,DZA,DZA_27_1,Mascara
800,DZA,DZA_28_1,Médéa
801,DZA,DZA_29_1,Mila
802,DZA,DZA_30_1,Mostaganem
803,DZA,DZA_31_1,Naâma
804,DZA,DZA_32_1,Oran
805,DZA,DZA_33_1,Ouargla
806,DZA,DZA_34_1,Oum el Bouaghi
807,DZA,DZA_35_1,Relizane
808,DZA,DZA_36_1,Saïda
809,DZA,DZA_37_1,Sétif
810,DZA,DZA_38_1,Sidi Bel Abbès
811,DZA,DZA_39_1,Skikda
812,DZA,DZA_40_1,Souk Ahras
813,DZA,DZA_41_1,Tamanghasset
814,DZA,DZA_42_1,Tébessa
815,DZA,DZA_43_1,Tiaret
816,DZA,DZA_44_1,Tindouf
817,DZA,DZA_45_1,Tipaza
818,DZA,DZA_46_1,Tissemsilt
819,DZA,DZA_47_1,Tizi Ouzou
820,DZA,DZA_48_1,Tlemcen
821,ECU,ECU_1_1,Azuay
822,ECU,ECU_2_1,Bolivar
823,ECU,ECU_3_1,Cañar
824,ECU,ECU_4_1,Carchi
825,ECU,ECU_5_1,Chimborazo
826,ECU,ECU_6_1,Cotopaxi
827,ECU,ECU_7_1,El Oro
828,ECU,ECU_8_1,Esmeraldas
829,ECU,ECU_9_1,Galápagos
830,ECU,ECU_10_1,Guayas
831,ECU,ECU_11_1,Imbabura
832,ECU,ECU_12_1,Loja
833,ECU,ECU_13_1,Los Rios
834,ECU,ECU_14_1,Manabi
835,ECU,ECU_15_1,Morona Santiago
836,ECU,ECU_16_1,Napo
837,ECU,ECU_17_1,Orellana
838,ECU,ECU_18_1,Pastaza
839,ECU,ECU_19_1,Pichincha
840,ECU,ECU_20_1,Santa Elena
841,ECU,ECU_21_1,Santo Domingo de los Tsachilas
842,ECU,ECU_22_1,Sucumbios
843,ECU,ECU_23_1,Tungurahua
844,ECU,ECU_24_1,Zamora Chinchipe
845,EGY,EGY_1_1,Ad Daqahliyah
846,EGY,EGY_2_1,Al Bahr al Ahmar
847,EGY,EGY_3_1,Al Buhayrah
848,EGY,EGY_4_1,Al Fayyum
849,EGY,EGY_5_1,Al Gharbiyah
850,EGY,EGY_6_1,Al Iskandariyah
851,EGY,EGY_7_1,Al Isma`iliyah
852,EGY,EGY_8_1,Al Jizah
853,EGY,EGY_9_1,Al Minufiyah
854,EGY,EGY_10_1,Al Minya
855,EGY,EGY_11_1,Al Qahirah
856,EGY,EGY_12_1,Al Qalyubiyah
857,EGY,EGY_13_1,Al Uqsur
858,EGY,EGY_14_1,Al Wadi al Jadid
859,EGY,EGY_15_1,As Suways
860,EGY,EGY_16_1,Ash Sharqiyah
861,EGY,EGY_17_1,Aswan
862,EGY,EGY_18_1,Asyut
863,EGY,EGY_19_1,Bani Suwayf
864,EGY,EGY_20_1,Bur Sa`id
865,EGY,EGY_21_1,Dumyat
866,EGY,EGY_22_1,Janub Sina'
867,EGY,EGY_23_1,Kafr ash Shaykh
868,EGY,EGY_24_1,Matrouh
869,EGY,EGY_25_1,Qina
870,EGY,EGY_26_1,Shamal Sina'
871,EGY,EGY_27_1,Suhaj
872,ERI,ERI_6_1,Anseba
873,ERI,ERI_5_1,Debub
874,ERI,ERI_3_1,Debubawi Keyih Bahri
875,ERI,ERI_4_1,Gash Barka
876,ERI,ERI_1_1,Maekel
877,ERI,ERI_2_1,Semenawi Keyih Bahri
878,ESH,ESH_1_1,Boujdour
879,ESH,ESH_2_1,Es Semara
880,ESH,ESH_3_1,Laayoune
881,ESH,ESH_4_1,Oued el Dahab
882,ESP,ESP_1_1,Andalucía
883,ESP,ESP_2_1,Aragón
884,ESP,ESP_3_1,Cantabria
885,ESP,ESP_4_1,Castilla-La Mancha
886,ESP,ESP_5_1,Castilla y León
887,ESP,ESP_6_1,Cataluña
888,ESP,ESP_7_1,Ceuta y Melilla
889,ESP,ESP_8_1,Comunidad de Madrid
890,ESP,ESP_9_1,Comunidad Foral de Navarra
891,ESP,ESP_10_1,Comunidad Valenciana
892,ESP,ESP_11_1,Extremadura
893,ESP,ESP_12_1,Galicia
894,ESP,ESP_13_1,Islas Baleares
895,ESP,ESP_14_1,Islas Canarias
896,ESP,ESP_15_1,La Rioja
897,ESP,ESP_16_1,País Vasco
898,ESP,ESP_17_1,Principado de Asturias
899,ESP,ESP_18_1,Región de Murcia
900,EST,EST_1_1,Harju
901,EST,EST_2_1,Hiiu
902,EST,EST_3_1,Ida-Viru
903,EST,EST_4_1,Järva
904,EST,EST_5_1,Jõgeva
905,EST,EST_7_1,Lääne
906,EST,EST_6_1,Lääne-Viru
907,EST,EST_8_1,Pärnu
908,EST,EST_9_1,Peipsi
909,EST,EST_10_1,Põlva
910,EST,EST_11_1,Rapla
911,EST,EST_12_1,Saare
912,EST,EST_13_1,Tartu
913,EST,EST_14_1,Valga
914,EST,EST_15_1,Viljandi
915,EST,EST_16_1,Võru
916,ETH,ETH_1_1,Addis Abeba
917,ETH,ETH_2_1,Afar
918,ETH,ETH_3_1,Amhara
919,ETH,ETH_4_1,Benshangul-Gumaz
920,ETH,ETH_5_1,Dire Dawa
921,ETH,ETH_6_1,Gambela Peoples
922,ETH,ETH_7_1,Harari People
923,ETH,ETH_8_1,Oromia
924,ETH,ETH_9_1,Somali
925,ETH,ETH_10_1,"Southern Nations, Nationalities"
926,ETH,ETH_11_1,Tigray
927,FIN,FIN_1_1,Eastern Finland
928,FIN,FIN_2_1,Lapland
929,FIN,FIN_3_1,Oulu
930,FIN,FIN_4_1,Southern Finland
931,FIN,FIN_5_1,Western Finland
932,FJI,FJI_1_1,Central
933,FJI,FJI_2_1,Eastern
934,FJI,FJI_3_1,Northern
935,FJI,FJI_4_1,Rotuma
936,FJI,FJI_5_1,Western
937,FRA,FRA_1_1,Auvergne-Rhône-Alpes
938,FRA,FRA_2_1,Bourgogne-Franche-Comté
939,FRA,FRA_3_1,Bretagne
940,FRA,FRA_4_1,Centre-Val de Loire
941,FRA,FRA_5_1,Corse
942,FRA,FRA_6_1,Grand Est
943,FRA,FRA_7_1,Hauts-de-France
944,FRA,FRA_8_1,Île-de-France
945,FRA,FRA_9_1,Normandie
946,FRA,FRA_10_1,Nouvelle-Aquitaine
947,FRA,FRA_11_1,Occitanie
948,FRA,FRA_12_1,Pays de la Loire
949,FRA,FRA_13_1,Provence-Alpes-Côte d'Azur
950,FRO,FRO_1_1,Eysturoyar
951,FRO,FRO_2_1,Norderøerne
952,FRO,FRO_3_1,Sandoyar
953,FRO,FRO_4_1,Streymoyar
954,FRO,FRO_5_1,Suðuroyar
955,FRO,FRO_6_1,Vågø
956,FSM,FSM_1_1,Chuuk
957,FSM,FSM_2_1,Kosrae
958,FSM,FSM_3_1,Pohnpei
959,FSM,FSM_4_1,Yap
960,GAB,GAB_1_1,Estuaire
961,GAB,GAB_2_1,Haut-Ogooué
962,GAB,GAB_3_1,Moyen-Ogooué
963,GAB,GAB_4_1,Ngounié
964,GAB,GAB_5_1,Nyanga
965,GAB,GAB_6_1,Ogooué-Ivindo
966,GAB,GAB_7_1,Ogooué-Lolo
967,GAB,GAB_8_1,Ogooué-Maritime
968,GAB,GAB_9_1,Wouleu-Ntem
969,GBR,GBR_2_1,Northern Ireland
970,GBR,GBR_3_1,Scotland
971,GBR,GBR_4_1,Wales
972,GBR,GBR_1_1,England
973,GEO,GEO_1_1,Abkhazia
974,GEO,GEO_2_1,Ajaria
975,GEO,GEO_3_1,Guria
976,GEO,GEO_4_1,Imereti
977,GEO,GEO_5_1,Kakheti
978,GEO,GEO_6_1,Kvemo Kartli
979,GEO,GEO_7_1,Mtskheta-Mtianeti
980,GEO,GEO_8_1,Racha-Lechkhumi-Kvemo Svaneti
981,GEO,GEO_9_1,Samegrelo-Zemo Svaneti
982,GEO,GEO_10_1,Samtskhe-Javakheti
983,GEO,GEO_11_1,Shida Kartli
984,GEO,GEO_12_1,Tbilisi
985,GGY,GGY_1_1,Alderney
986,GGY,GGY_3_1,Castel
987,GGY,GGY_4_1,Forest
988,GGY,GGY_7_1,Saint Andrew
989,GGY,GGY_8_1,Saint Martin
990,GGY,GGY_9_1,Saint Peter Port
991,GGY,GGY_10_1,Saint Pierre du Bois
992,GGY,GGY_11_1,Saint Sampson
993,GGY,GGY_12_1,Saint Saviour
994,GGY,GGY_13_1,Sark
995,GGY,GGY_14_1,Torteval
996,GGY,GGY_15_1,Vale
997,GHA,GHA1_2,Ahafo
998,GHA,GHA2_2,Ashanti
999,GHA,GHA3_2,Bono
1000,GHA,GHA4_2,Bono East
1001,GHA,GHA5_2,Central
1002,GHA,GHA6_2,Eastern
1003,GHA,GHA7_2,Greater Accra
1004,GHA,GHA8_2,North East
1005,GHA,GHA9_2,Northern
1006,GHA,GHA10_2,Oti
1007,GHA,GHA11_2,Savannah
1008,GHA,GHA12_2,Upper East
1009,GHA,GHA13_2,Upper West
1010,GHA,GHA14_2,Volta
1011,GHA,GHA15_2,Western
1012,GHA,GHA16_2,Western North
1013,GIN,GIN_1_1,Boké
1014,GIN,GIN_2_1,Conakry
1015,GIN,GIN_3_1,Faranah
1016,GIN,GIN_4_1,Kankan
1017,GIN,GIN_5_1,Kindia
1018,GIN,GIN_6_1,Labé
1019,GIN,GIN_7_1,Mamou
1020,GIN,GIN_8_1,Nzérékoré
1021,GLP,GLP_1_1,Basse-Terre
1022,GLP,GLP_2_1,Pointe-à-Pitre
1023,GMB,GMB_1_1,Banjul
1024,GMB,GMB_2_1,Lower River
1025,GMB,GMB_3_1,Maccarthy Island
1026,GMB,GMB_4_1,North Bank
1027,GMB,GMB_5_1,Upper River
1028,GMB,GMB_6_1,Western
1029,GNB,GNB_1_1,Bafatá
1030,GNB,GNB_2_1,Biombo
1031,GNB,GNB_3_1,Bissau
1032,GNB,GNB_4_1,Bolama
1033,GNB,GNB_5_1,Cacheu
1034,GNB,GNB_6_1,Gabú
1035,GNB,GNB_7_1,Oio
1036,GNB,GNB_8_1,Quinara
1037,GNB,GNB_9_1,Tombali
1038,GNQ,GNQ_1_1,Annobón
1039,GNQ,GNQ_2_1,Bioko Norte
1040,GNQ,GNQ_3_1,Bioko Sur
1041,GNQ,GNQ_4_1,Centro Sur
1042,GNQ,GNQ_5_1,Kié-Ntem
1043,GNQ,GNQ_6_1,Litoral
1044,GNQ,GNQ_7_1,Wele-Nzas
1045,GRC,GRC_1_1,Aegean
1046,GRC,GRC_2_1,Athos
1047,GRC,GRC_3_1,Attica
1048,GRC,GRC_4_1,Crete
1049,GRC,GRC_5_1,Epirus and Western Macedonia
1050,GRC,GRC_6_1,Macedonia and Thrace
1051,GRC,GRC_7_1,"Peloponnese, Western Greece and"
1052,GRC,GRC_8_1,Thessaly and Central Greece
1053,GRD,GRD_1_1,Carriacou
1054,GRD,GRD_2_1,Saint Andrew
1055,GRD,GRD_3_1,Saint David
1056,GRD,GRD_4_1,Saint George
1057,GRD,GRD_5_1,Saint John
1058,GRD,GRD_6_1,Saint Mark
1059,GRD,GRD_7_1,Saint Patrick
1060,GRL,GRL_1_1,Kujalleq
1061,GRL,GRL_2_1,Northeast Greenland National Par
1062,GRL,GRL_3_1,Qaasuitsup
1063,GRL,GRL_4_1,Qeqqata
1064,GRL,GRL_5_1,Sermersooq
1065,GTM,GTM_1_1,Alta Verapaz
1066,GTM,GTM_2_1,Baja Verapaz
1067,GTM,GTM_3_1,Chimaltenango
1068,GTM,GTM_4_1,Chiquimula
1069,GTM,GTM_5_1,El Progreso
1070,GTM,GTM_6_1,Escuintla
1071,GTM,GTM_7_1,Guatemala
1072,GTM,GTM_8_1,Huehuetenango
1073,GTM,GTM_9_1,Izabal
1074,GTM,GTM_10_1,Jalapa
1075,GTM,GTM_11_1,Jutiapa
1076,GTM,GTM_12_1,Petén
1077,GTM,GTM_13_1,Quezaltenango
1078,GTM,GTM_14_1,Quiché
1079,GTM,GTM_15_1,Retalhuleu
1080,GTM,GTM_16_1,Sacatepéquez
1081,GTM,GTM_17_1,San Marcos
1082,GTM,GTM_18_1,Santa Rosa
1083,GTM,GTM_19_1,Sololá
1084,GTM,GTM_20_1,Suchitepéquez
1085,GTM,GTM_21_1,Totonicapán
1086,GTM,GTM_22_1,Zacapa
1087,GUF,GUF_1_1,Cayenne
1088,GUF,GUF_2_1,Saint-Laurent-du-Maroni
1089,GUM,GUM_1_1,Agana Heights
1090,GUM,GUM_2_1,Agat
1091,GUM,GUM_3_1,Asan
1092,GUM,GUM_4_1,Barrigada
1093,GUM,GUM_5_1,Chalan-Pago-Ordot
1094,GUM,GUM_6_1,Dededo
1095,GUM,GUM_7_1,Hagåtña
1096,GUM,GUM_8_1,Inarajan
1097,GUM,GUM_9_1,Mangilao
1098,GUM,GUM_10_1,Merizo
1099,GUM,GUM_11_1,Mongmong-Toto-Maite
1100,GUM,GUM_12_1,Piti
1101,GUM,GUM_13_1,Santa Rita
1102,GUM,GUM_14_1,Sinajana
1103,GUM,GUM_15_1,Talofofo
1104,GUM,GUM_16_1,Tamuning
1105,GUM,GUM_17_1,Umatac
1106,GUM,GUM_18_1,Yigo
1107,GUM,GUM_19_1,Yona
1108,GUY,GUY_1_1,Barima-Waini
1109,GUY,GUY_2_1,Cuyuni-Mazaruni
1110,GUY,GUY_3_1,Demerara-Mahaica
1111,GUY,GUY_4_1,East Berbice-Corentyne
1112,GUY,GUY_5_1,Essequibo Islands-West Demerara
1113,GUY,GUY_6_1,Mahaica-Berbice
1114,GUY,GUY_7_1,Pomeroon-Supenaam
1115,GUY,GUY_8_1,Potaro-Siparuni
1116,GUY,GUY_9_1,Upper Demerara-Berbice
1117,GUY,GUY_10_1,Upper Takutu-Upper Essequibo
1118,HND,HND_1_1,Atlántida
1119,HND,HND_2_1,Choluteca
1120,HND,HND_3_1,Colón
1121,HND,HND_4_1,Comayagua
1122,HND,HND_5_1,Copán
1123,HND,HND_6_1,Cortés
1124,HND,HND_7_1,El Paraíso
1125,HND,HND_8_1,Francisco Morazán
1126,HND,HND_9_1,Gracias a Dios
1127,HND,HND_10_1,Intibucá
1128,HND,HND_11_1,Islas de la Bahía
1129,HND,HND_12_1,La Paz
1130,HND,HND_13_1,Lempira
1131,HND,HND_14_1,Ocotepeque
1132,HND,HND_15_1,Olancho
1133,HND,HND_16_1,Santa Bárbara
1134,HND,HND_17_1,Valle
1135,HND,HND_18_1,Yoro
1136,HRV,HRV_1_1,Bjelovarska-Bilogorska
1137,HRV,HRV_2_1,Brodsko-Posavska
1138,HRV,HRV_3_1,Dubrovacko-Neretvanska
1139,HRV,HRV_4_1,Grad Zagreb
1140,HRV,HRV_5_1,Istarska
1141,HRV,HRV_6_1,Karlovacka
1142,HRV,HRV_7_1,Koprivničko-Križevačka
1143,HRV,HRV_8_1,Krapinsko-Zagorska
1144,HRV,HRV_9_1,Licko-Senjska
1145,HRV,HRV_10_1,Medimurska
1146,HRV,HRV_11_1,Osjecko-Baranjska
1147,HRV,HRV_12_1,Požeško-Slavonska
1148,HRV,HRV_13_1,Primorsko-Goranska
1149,HRV,HRV_14_1,Šibensko-Kninska
1150,HRV,HRV_15_1,Sisacko-Moslavacka
1151,HRV,HRV_16_1,Splitsko-Dalmatinska
1152,HRV,HRV_17_1,Varaždinska
1153,HRV,HRV_18_1,Viroviticko-Podravska
1154,HRV,HRV_19_1,Vukovarsko-Srijemska
1155,HRV,HRV_20_1,Zadarska
1156,HRV,HRV_21_1,Zagrebačka
1157,HTI,HTI_1_1,Centre
1158,HTI,HTI_2_1,Grand'Anse
1159,HTI,HTI_3_1,L'Artibonite
1160,HTI,HTI_4_1,Nippes
1161,HTI,HTI_7_1,Nord
1162,HTI,HTI_5_1,Nord-Est
1163,HTI,HTI_6_1,Nord-Ouest
1164,HTI,HTI_8_1,Ouest
1165,HTI,HTI_10_1,Sud
1166,HTI,HTI_9_1,Sud-Est
1167,HUN,HUN_1_1,Bács-Kiskun
1168,HUN,HUN_2_1,Baranya
1169,HUN,HUN_3_1,Békés
1170,HUN,HUN_4_1,Borsod-Abaúj-Zemplén
1171,HUN,HUN_5_1,Budapest
1172,HUN,HUN_6_1,Csongrád
1173,HUN,HUN_7_1,Fejér
1174,HUN,HUN_8_1,Gyor-Moson-Sopron
1175,HUN,HUN_9_1,Hajdú-Bihar
1176,HUN,HUN_10_1,Heves
1177,HUN,HUN_11_1,Jász-Nagykun-Szolnok
1178,HUN,HUN_12_1,Komárom-Esztergom
1179,HUN,HUN_13_1,Nógrád
1180,HUN,HUN_14_1,Pest
1181,HUN,HUN_15_1,Somogy
1182,HUN,HUN_16_1,Szabolcs-Szatmár-Bereg
1183,HUN,HUN_17_1,Tolna
1184,HUN,HUN_18_1,Vas
1185,HUN,HUN_19_1,Veszprém
1186,HUN,HUN_20_1,Zala
1187,IDN,IDN_1_1,Aceh
1188,IDN,IDN_2_1,Bali
1189,IDN,IDN_3_1,Bangka Belitung
1190,IDN,IDN_4_1,Banten
1191,IDN,IDN_5_1,Bengkulu
1192,IDN,IDN_6_1,Gorontalo
1193,IDN,IDN_7_1,Jakarta Raya
1194,IDN,IDN_8_1,Jambi
1195,IDN,IDN_9_1,Jawa Barat
1196,IDN,IDN_10_1,Jawa Tengah
1197,IDN,IDN_11_1,Jawa Timur
1198,IDN,IDN_12_1,Kalimantan Barat
1199,IDN,IDN_13_1,Kalimantan Selatan
1200,IDN,IDN_14_1,Kalimantan Tengah
1201,IDN,IDN_34_1,Kalimantan Timur
1202,IDN,IDN_35_1,Kalimantan Utara
1203,IDN,IDN_16_1,Kepulauan Riau
1204,IDN,IDN_17_1,Lampung
1205,IDN,IDN_19_1,Maluku
1206,IDN,IDN_18_1,Maluku Utara
1207,IDN,IDN_20_1,Nusa Tenggara Barat
1208,IDN,IDN_21_1,Nusa Tenggara Timur
1209,IDN,IDN_23_1,Papua
1210,IDN,IDN_22_1,Papua Barat
1211,IDN,IDN_24_1,Riau
1212,IDN,IDN_25_1,Sulawesi Barat
1213,IDN,IDN_26_1,Sulawesi Selatan
1214,IDN,IDN_27_1,Sulawesi Tengah
1215,IDN,IDN_28_1,Sulawesi Tenggara
1216,IDN,IDN_29_1,Sulawesi Utara
1217,IDN,IDN_30_1,Sumatera Barat
1218,IDN,IDN_31_1,Sumatera Selatan
1219,IDN,IDN_32_1,Sumatera Utara
1220,IDN,IDN_33_1,Yogyakarta
1221,IMN,IMN_1_2,Andreas
1222,IMN,IMN_2_2,Arbory & Rushen
1223,IMN,IMN_3_2,Ballaugh
1224,IMN,IMN_4_2,Braddan
1225,IMN,IMN_5_2,Bride
1226,IMN,IMN_6_2,Castletown
1227,IMN,IMN_7_2,Douglas
1228,IMN,IMN_8_2,Garff
1229,IMN,IMN_9_2,German
1230,IMN,IMN_10_2,Jurby
1231,IMN,IMN_11_2,Lezayre
1232,IMN,IMN_12_2,Malew
1233,IMN,IMN_13_2,Marown
1234,IMN,IMN_14_2,Michael
1235,IMN,IMN_15_2,Onchan
1236,IMN,IMN_16_2,Patrick
1237,IMN,IMN_17_2,Peel
1238,IMN,IMN_18_2,Port Erin
1239,IMN,IMN_19_2,Port Saint Mary
1240,IMN,IMN_20_2,Ramsey
1241,IMN,IMN_21_2,Santon
1242,IND,IND_1_1,Andaman and Nicobar
1243,IND,IND_2_1,Andhra Pradesh
1244,IND,IND_3_1,Arunachal Pradesh
1245,Z07,Z07_3_1,Arunachal Pradesh
1246,IND,IND_4_1,Assam
1247,IND,IND_5_1,Bihar
1248,IND,IND_6_1,Chandigarh
1249,IND,IND_7_1,Chhattisgarh
1250,IND,IND_8_1,Dadra and Nagar Haveli
1251,IND,IND_9_1,Daman and Diu
1252,IND,IND_10_1,Goa
1253,IND,IND_11_1,Gujarat
1254,IND,IND_12_1,Haryana
1255,IND,IND_13_1,Himachal Pradesh
1256,Z04,Z04_13_1,Himachal Pradesh
1257,Z09,Z09_13_1,Himachal Pradesh
1258,Z01,Z01_14_1,Jammu and Kashmir
1259,IND,IND_15_1,Jharkhand
1260,IND,IND_16_1,Karnataka
1261,IND,IND_17_1,Kerala
1262,IND,IND_18_1,Lakshadweep
1263,IND,IND_19_1,Madhya Pradesh
1264,IND,IND_20_1,Maharashtra
1265,IND,IND_21_1,Manipur
1266,IND,IND_22_1,Meghalaya
1267,IND,IND_23_1,Mizoram
1268,IND,IND_24_1,Nagaland
1269,IND,IND_25_1,NCT of Delhi
1270,IND,IND_26_1,Odisha
1271,IND,IND_27_1,Puducherry
1272,IND,IND_28_1,Punjab
1273,IND,IND_29_1,Rajasthan
1274,IND,IND_30_1,Sikkim
1275,IND,IND_31_1,Tamil Nadu
1276,IND,IND_32_1,Telangana
1277,IND,IND_33_1,Tripura
1278,IND,IND_34_1,Uttar Pradesh
1279,IND,IND_35_1,Uttarakhand
1280,Z05,Z05_35_1,Uttarakhand
1281,Z09,Z09_35_1,Uttarakhand
1282,IND,IND_36_1,West Bengal
1283,IRL,IRL_1_1,Carlow
1284,IRL,IRL_2_1,Cavan
1285,IRL,IRL_3_1,Clare
1286,IRL,IRL_5_1,Donegal
1287,IRL,IRL_6_1,Dublin
1288,IRL,IRL_7_1,Galway
1289,IRL,IRL_8_1,Kerry
1290,IRL,IRL_9_1,Kildare
1291,IRL,IRL_10_1,Kilkenny
1292,IRL,IRL_11_1,Laois
1293,IRL,IRL_12_1,Leitrim
1294,IRL,IRL_13_1,Limerick
1295,IRL,IRL_14_1,Longford
1296,IRL,IRL_15_1,Louth
1297,IRL,IRL_16_1,Mayo
1298,IRL,IRL_17_1,Meath
1299,IRL,IRL_18_1,Monaghan
1300,IRL,IRL_19_1,Offaly
1301,IRL,IRL_20_1,Roscommon
1302,IRL,IRL_21_1,Sligo
1303,IRL,IRL_22_1,Tipperary
1304,IRL,IRL_23_1,Waterford
1305,IRL,IRL_24_1,Westmeath
1306,IRL,IRL_25_1,Wexford
1307,IRL,IRL_26_1,Wicklow
1308,IRL,IRL_4_1,Cork
1309,IRN,IRN_1_1,Alborz
1310,IRN,IRN_2_1,Ardebil
1311,IRN,IRN_3_1,Bushehr
1312,IRN,IRN_4_1,Chahar Mahall and Bakhtiari
1313,IRN,IRN_5_1,East Azarbaijan
1314,IRN,IRN_6_1,Esfahan
1315,IRN,IRN_7_1,Fars
1316,IRN,IRN_8_1,Gilan
1317,IRN,IRN_9_1,Golestan
1318,IRN,IRN_10_1,Hamadan
1319,IRN,IRN_11_1,Hormozgan
1320,IRN,IRN_12_1,Ilam
1321,IRN,IRN_13_1,Kerman
1322,IRN,IRN_14_1,Kermanshah
1323,IRN,IRN_15_1,Khuzestan
1324,IRN,IRN_16_1,Kohgiluyeh and Buyer Ahmad
1325,IRN,IRN_17_1,Kordestan
1326,IRN,IRN_18_1,Lorestan
1327,IRN,IRN_19_1,Markazi
1328,IRN,IRN_20_1,Mazandaran
1329,IRN,IRN_21_1,North Khorasan
1330,IRN,IRN_22_1,Qazvin
1331,IRN,IRN_23_1,Qom
1332,IRN,IRN_24_1,Razavi Khorasan
1333,IRN,IRN_25_1,Semnan
1334,IRN,IRN_26_1,Sistan and Baluchestan
1335,IRN,IRN_27_1,South Khorasan
1336,IRN,IRN_28_1,Tehran
1337,IRN,IRN_29_1,West Azarbaijan
1338,IRN,IRN_30_1,Yazd
1339,IRN,IRN_31_1,Zanjan
1340,IRQ,IRQ_1_1,Al-Anbar
1341,IRQ,IRQ_2_1,Al-Basrah
1342,IRQ,IRQ_3_1,Al-Muthannia
1343,IRQ,IRQ_4_1,Al-Qadisiyah
1344,IRQ,IRQ_5_1,An-Najaf
1345,IRQ,IRQ_6_1,Arbil
1346,IRQ,IRQ_7_1,As-Sulaymaniyah
1347,IRQ,IRQ_8_1,At-Ta'mim
1348,IRQ,IRQ_9_1,Babil
1349,IRQ,IRQ_10_1,Baghdad
1350,IRQ,IRQ_11_1,Dhi-Qar
1351,IRQ,IRQ_12_1,Dihok
1352,IRQ,IRQ_13_1,Diyala
1353,IRQ,IRQ_14_1,Karbala'
1354,IRQ,IRQ_15_1,Maysan
1355,IRQ,IRQ_16_1,Ninawa
1356,IRQ,IRQ_17_1,Sala ad-Din
1357,IRQ,IRQ_18_1,Wasit
1358,ISL,ISL_1_1,Austurland
1359,ISL,ISL_3_1,Höfuðborgarsvæði
1360,ISL,ISL_2_1,Norðurland eystra
1361,ISL,ISL_4_1,Norðurland vestra
1362,ISL,ISL_5_1,Suðurland
1363,ISL,ISL_6_1,Suðurnes
1364,ISL,ISL_7_1,Vestfirðir
1365,ISL,ISL_8_1,Vesturland
1366,ISR,ISR_1_1,Golan
1367,ISR,ISR_2_1,HaDarom
1368,ISR,ISR_3_1,Haifa
1369,ISR,ISR_4_1,HaMerkaz
1370,ISR,ISR_5_1,HaZafon
1371,ISR,ISR_6_1,Jerusalem
1372,ISR,ISR_7_1,Tel Aviv
1373,ITA,ITA_1_1,Abruzzo
1374,ITA,ITA_2_1,Apulia
1375,ITA,ITA_3_1,Basilicata
1376,ITA,ITA_4_1,Calabria
1377,ITA,ITA_5_1,Campania
1378,ITA,ITA_6_1,Emilia-Romagna
1379,ITA,ITA_7_1,Friuli-Venezia Giulia
1380,ITA,ITA_8_1,Lazio
1381,ITA,ITA_9_1,Liguria
1382,ITA,ITA_10_1,Lombardia
1383,ITA,ITA_11_1,Marche
1384,ITA,ITA_12_1,Molise
1385,ITA,ITA_13_1,Piemonte
1386,ITA,ITA_14_1,Sardegna
1387,ITA,ITA_15_1,Sicily
1388,ITA,ITA_16_1,Toscana
1389,ITA,ITA_17_1,Trentino-Alto Adige
1390,ITA,ITA_18_1,Umbria
1391,ITA,ITA_19_1,Valle d'Aosta
1392,ITA,ITA_20_1,Veneto
1393,JAM,JAM_1_1,Clarendon
1394,JAM,JAM_2_1,Hanover
1395,JAM,JAM_3_1,Kingston
1396,JAM,JAM_4_1,Manchester
1397,JAM,JAM_5_1,Portland
1398,JAM,JAM_6_1,Saint Andrew
1399,JAM,JAM_7_1,Saint Ann
1400,JAM,JAM_8_1,Saint Catherine
1401,JAM,JAM_9_1,Saint Elizabeth
1402,JAM,JAM_10_1,Saint James
1403,JAM,JAM_11_1,Saint Mary
1404,JAM,JAM_12_1,Saint Thomas
1405,JAM,JAM_13_1,Trelawny
1406,JAM,JAM_14_1,Westmoreland
1407,JEY,JEY_1_1,Grouville
1408,JEY,JEY_2_1,Saint Berlade
1409,JEY,JEY_3_1,Saint Clement
1410,JEY,JEY_4_1,Saint Helier
1411,JEY,JEY_5_1,Saint John
1412,JEY,JEY_6_1,Saint Lawrence
1413,JEY,JEY_7_1,Saint Martin
1414,JEY,JEY_8_1,Saint Mary
1415,JEY,JEY_9_1,Saint Ouen
1416,JEY,JEY_10_1,Saint Peter
1417,JEY,JEY_11_1,Saint Saviour
1418,JEY,JEY_12_1,Trinity
1419,JOR,JOR_1_1,Ajlun
1420,JOR,JOR_2_1,Amman
1421,JOR,JOR_3_1,Aqaba
1422,JOR,JOR_4_1,Balqa
1423,JOR,JOR_5_1,Irbid
1424,JOR,JOR_6_1,Jarash
1425,JOR,JOR_7_1,Karak
1426,JOR,JOR_8_1,Ma`an
1427,JOR,JOR_9_1,Madaba
1428,JOR,JOR_10_1,Mafraq
1429,JOR,JOR_11_1,Tafilah
1430,JOR,JOR_12_1,Zarqa
1431,JPN,JPN_1_1,Aichi
1432,JPN,JPN_2_1,Akita
1433,JPN,JPN_3_1,Aomori
1434,JPN,JPN_4_1,Chiba
1435,JPN,JPN_5_1,Ehime
1436,JPN,JPN_6_1,Fukui
1437,JPN,JPN_7_1,Fukuoka
1438,JPN,JPN_8_1,Fukushima
1439,JPN,JPN_9_1,Gifu
1440,JPN,JPN_10_1,Gunma
1441,JPN,JPN_11_1,Hiroshima
1442,JPN,JPN_12_1,Hokkaido
1443,JPN,JPN_13_1,Hyōgo
1444,JPN,JPN_14_1,Ibaraki
1445,JPN,JPN_15_1,Ishikawa
1446,JPN,JPN_16_1,Iwate
1447,JPN,JPN_17_1,Kagawa
1448,JPN,JPN_18_1,Kagoshima
1449,JPN,JPN_19_1,Kanagawa
1450,JPN,JPN_20_1,Kochi
1451,JPN,JPN_21_1,Kumamoto
1452,JPN,JPN_22_1,Kyoto
1453,JPN,JPN_23_1,Mie
1454,JPN,JPN_24_1,Miyagi
1455,JPN,JPN_25_1,Miyazaki
1456,JPN,JPN_26_1,Nagano
1457,JPN,JPN_27_1,Naoasaki
1458,JPN,JPN_28_1,Nara
1459,JPN,JPN_29_1,Niigata
1460,JPN,JPN_30_1,Oita
1461,JPN,JPN_31_1,Okayama
1462,JPN,JPN_32_1,Okinawa
1463,JPN,JPN_33_1,Osaka
1464,JPN,JPN_34_1,Saga
1465,JPN,JPN_35_1,Saitama
1466,JPN,JPN_36_1,Shiga
1467,JPN,JPN_37_1,Shimane
1468,JPN,JPN_38_1,Shizuoka
1469,JPN,JPN_39_1,Tochigi
1470,JPN,JPN_40_1,Tokushima
1471,JPN,JPN_41_1,Tokyo
1472,JPN,JPN_42_1,Tottori
1473,JPN,JPN_43_1,Toyama
1474,JPN,JPN_44_1,Wakayama
1475,JPN,JPN_45_1,Yamagata
1476,JPN,JPN_46_1,Yamaguchi
1477,JPN,JPN_47_1,Yamanashi
1478,KAZ,KAZ_1_1,Almaty
1479,KAZ,KAZ_2_1,Aqmola
1480,KAZ,KAZ_3_1,Aqtöbe
1481,KAZ,KAZ_4_1,Atyrau
1482,KAZ,KAZ_5_1,East Kazakhstan
1483,KAZ,KAZ_6_1,Mangghystau
1484,KAZ,KAZ_7_1,North Kazakhstan
1485,KAZ,KAZ_8_1,Pavlodar
1486,KAZ,KAZ_9_1,Qaraghandy
1487,KAZ,KAZ_10_1,Qostanay
1488,KAZ,KAZ_11_1,Qyzylorda
1489,KAZ,KAZ_12_1,South Kazakhstan
1490,KAZ,KAZ_13_1,West Kazakhstan
1491,KAZ,KAZ_14_1,Zhambyl
1492,KEN,KEN_1_1,Baringo
1493,KEN,KEN_2_1,Bomet
1494,KEN,KEN_3_1,Bungoma
1495,KEN,KEN_4_1,Busia
1496,KEN,KEN_5_1,Elgeyo-Marakwet
1497,KEN,KEN_6_1,Embu
1498,KEN,KEN_7_1,Garissa
1499,KEN,KEN_8_1,Homa Bay
1500,KEN,KEN_9_1,Isiolo
1501,KEN,KEN_10_1,Kajiado
1502,KEN,KEN_11_1,Kakamega
1503,KEN,KEN_12_1,Kericho
1504,KEN,KEN_13_1,Kiambu
1505,KEN,KEN_14_1,Kilifi
1506,KEN,KEN_15_1,Kirinyaga
1507,KEN,KEN_16_1,Kisii
1508,KEN,KEN_17_1,Kisumu
1509,KEN,KEN_18_1,Kitui
1510,KEN,KEN_19_1,Kwale
1511,KEN,KEN_20_1,Laikipia
1512,KEN,KEN_21_1,Lamu
1513,KEN,KEN_22_1,Machakos
1514,KEN,KEN_23_1,Makueni
1515,KEN,KEN_24_1,Mandera
1516,KEN,KEN_25_1,Marsabit
1517,KEN,KEN_26_1,Meru
1518,KEN,KEN_27_1,Migori
1519,KEN,KEN_28_1,Mombasa
1520,KEN,KEN_29_1,Murang'a
1521,KEN,KEN_30_1,Nairobi
1522,KEN,KEN_31_1,Nakuru
1523,KEN,KEN_32_1,Nandi
1524,KEN,KEN_33_1,Narok
1525,KEN,KEN_34_1,Nyamira
1526,KEN,KEN_35_1,Nyandarua
1527,KEN,KEN_36_1,Nyeri
1528,KEN,KEN_37_1,Samburu
1529,KEN,KEN_38_1,Siaya
1530,KEN,KEN_39_1,Taita Taveta
1531,KEN,KEN_40_1,Tana River
1532,KEN,KEN_41_1,Tharaka-Nithi
1533,KEN,KEN_42_1,Trans Nzoia
1534,KEN,KEN_43_1,Turkana
1535,KEN,KEN_44_1,Uasin Gishu
1536,KEN,KEN_45_1,Vihiga
1537,KEN,KEN_46_1,Wajir
1538,KEN,KEN_47_1,West Pokot
1539,KGZ,KGZ_1_1,Batken
1540,KGZ,KGZ_2_1,Biškek
1541,KGZ,KGZ_3_1,Chüy
1542,KGZ,KGZ_4_1,Jalal-Abad
1543,KGZ,KGZ_5_1,Naryn
1544,KGZ,KGZ_7_1,Osh
1545,KGZ,KGZ_6_1,Osh (city)
1546,KGZ,KGZ_8_1,Talas
1547,KGZ,KGZ_9_1,Ysyk-Köl
1548,KHM,KHM_1_1,Bântéay Méanchey
1549,KHM,KHM_2_1,Batdâmbâng
1550,KHM,KHM_3_1,Kâmpóng Cham
1551,KHM,KHM_4_1,Kâmpóng Chhnang
1552,KHM,KHM_5_1,Kâmpóng Spœ
1553,KHM,KHM_6_1,Kâmpóng Thum
1554,KHM,KHM_7_1,Kâmpôt
1555,KHM,KHM_8_1,Kândal
1556,KHM,KHM_9_1,Kaôh Kong
1557,KHM,KHM_10_1,Kep
1558,KHM,KHM_11_1,Krâchéh
1559,KHM,KHM_12_1,Krong Pailin
1560,KHM,KHM_13_1,Krong Preah Sihanouk
1561,KHM,KHM_14_1,Môndól Kiri
1562,KHM,KHM_15_1,Otdar Mean Chey
1563,KHM,KHM_16_1,Phnom Penh
1564,KHM,KHM_17_1,Pouthisat
1565,KHM,KHM_18_1,Preah Vihéar
1566,KHM,KHM_19_1,Prey Vêng
1567,KHM,KHM_20_1,Rôtânôkiri
1568,KHM,KHM_21_1,Siemréab
1569,KHM,KHM_22_1,Stœng Trêng
1570,KHM,KHM_23_1,Svay Rieng
1571,KHM,KHM_24_1,Takêv
1572,KHM,KHM_25_1,Tbong Khmum
1573,KNA,KNA_1_1,Christ Church Nichola Town
1574,KNA,KNA_2_1,Saint Anne Sandy Point
1575,KNA,KNA_3_1,Saint George Basseterre
1576,KNA,KNA_4_1,Saint George Gingerland
1577,KNA,KNA_5_1,Saint James Windward
1578,KNA,KNA_6_1,Saint John Capisterre
1579,KNA,KNA_7_1,Saint John Figtree
1580,KNA,KNA_8_1,Saint Mary Cayon
1581,KNA,KNA_9_1,Saint Paul Capisterre
1582,KNA,KNA_10_1,Saint Paul Charlestown
1583,KNA,KNA_11_1,Saint Peter Basseterre
1584,KNA,KNA_12_1,Saint Thomas Lowland
1585,KNA,KNA_13_1,Saint Thomas Middle Island
1586,KNA,KNA_14_1,Trinity Palmetto Point
1587,KOR,KOR_1_1,Busan
1588,KOR,KOR_2_1,Chungcheongbuk-do
1589,KOR,KOR_3_1,Chungcheongnam-do
1590,KOR,KOR_4_1,Daegu
1591,KOR,KOR_5_1,Daejeon
1592,KOR,KOR_6_1,Gangwon-do
1593,KOR,KOR_7_1,Gwangju
1594,KOR,KOR_8_1,Gyeonggi-do
1595,KOR,KOR_9_1,Gyeongsangbuk-do
1596,KOR,KOR_10_1,Gyeongsangnam-do
1597,KOR,KOR_11_1,Incheon
1598,KOR,KOR_12_1,Jeju
1599,KOR,KOR_13_1,Jeollabuk-do
1600,KOR,KOR_14_1,Jeollanam-do
1601,KOR,KOR_15_1,Sejong
1602,KOR,KOR_16_1,Seoul
1603,KOR,KOR_17_1,Ulsan
1604,KWT,KWT_1_1,Al Ahmadi
1605,KWT,KWT_2_1,Al Farwaniyah
1606,KWT,KWT_3_1,Al Jahrah
1607,KWT,KWT_4_1,Al Kuwayt
1608,KWT,KWT_5_1,Hawalli
1609,KWT,KWT_6_1,Mubarak Al-Kabeer
1610,LAO,LAO_1_1,Attapu
1611,LAO,LAO_2_1,Bokeo
1612,LAO,LAO_3_1,Bolikhamxai
1613,LAO,LAO_4_1,Champasak
1614,LAO,LAO_5_1,Houaphan
1615,LAO,LAO_6_1,Khammouan
1616,LAO,LAO_7_1,Louang Namtha
1617,LAO,LAO_8_1,Louangphrabang
1618,LAO,LAO_9_1,Oudômxai
1619,LAO,LAO_10_1,Phôngsali
1620,LAO,LAO_11_1,Saravan
1621,LAO,LAO_12_1,Savannakhét
1622,LAO,LAO_14_1,Vientiane
1623,LAO,LAO_13_1,Vientiane [prefecture]
1624,LAO,LAO_15_1,Xaignabouri
1625,LAO,LAO_16_1,Xaisômboun
1626,LAO,LAO_17_1,Xékong
1627,LAO,LAO_18_1,Xiangkhoang
1628,LBN,LBN_1_1,Akkar
1629,LBN,LBN_2_1,Baalbak - Hermel
1630,LBN,LBN_3_1,Beirut
1631,LBN,LBN_4_1,Bekaa
1632,LBN,LBN_5_1,Mount Lebanon
1633,LBN,LBN_6_1,Nabatiyeh
1634,LBN,LBN_7_1,North
1635,LBN,LBN_8_1,South
1636,LBR,LBR_1_1,Bomi
1637,LBR,LBR_2_1,Bong
1638,LBR,LBR_3_1,Gbapolu
1639,LBR,LBR_5_1,Grand Bassa
1640,LBR,LBR_4_1,Grand Cape Mount
1641,LBR,LBR_6_1,Grand Gedeh
1642,LBR,LBR_7_1,Grand Kru
1643,LBR,LBR_8_1,Lofa
1644,LBR,LBR_9_1,Margibi
1645,LBR,LBR_10_1,Maryland
1646,LBR,LBR_11_1,Montserrado
1647,LBR,LBR_12_1,Nimba
1648,LBR,LBR_14_1,River Gee
1649,LBR,LBR_13_1,Rivercess
1650,LBR,LBR_15_1,Sinoe
1651,LBY,LBY_1_1,Al Butnan
1652,LBY,LBY_2_1,Al Jabal al Akhdar
1653,LBY,LBY_3_1,Al Jabal al Gharbi
1654,LBY,LBY_4_1,Al Jifarah
1655,LBY,LBY_5_1,Al Jufrah
1656,LBY,LBY_6_1,Al Kufrah
1657,LBY,LBY_7_1,Al Marj
1658,LBY,LBY_8_1,Al Marqab
1659,LBY,LBY_9_1,Al Wahat
1660,LBY,LBY_10_1,An Nuqat al Khams
1661,LBY,LBY_11_1,Az Zawiyah
1662,LBY,LBY_12_1,Benghazi
1663,LBY,LBY_13_1,Darnah
1664,LBY,LBY_14_1,Ghat
1665,LBY,LBY_15_1,Misratah
1666,LBY,LBY_16_1,Murzuq
1667,LBY,LBY_17_1,Nalut
1668,LBY,LBY_18_1,Sabha
1669,LBY,LBY_19_1,Surt
1670,LBY,LBY_20_1,Tripoli
1671,LBY,LBY_21_1,Wadi al Hayat
1672,LBY,LBY_22_1,Wadi ash Shati'
1673,LCA,LCA_1_1,Anse-la-Raye
1674,LCA,LCA_2_1,Canaries
1675,LCA,LCA_3_1,Castries
1676,LCA,LCA_4_1,Choiseul
1677,LCA,LCA_5_1,Dennery
1678,LCA,LCA_6_1,Gros Islet
1679,LCA,LCA_7_1,Laborie
1680,LCA,LCA_8_1,Micoud
1681,LCA,LCA_9_1,Soufrière
1682,LCA,LCA_10_1,Vieux Fort
1683,LIE,LIE_1_1,Balzers
1684,LIE,LIE_2_1,Eschen
1685,LIE,LIE_3_1,Gamprin
1686,LIE,LIE_4_1,Mauren
1687,LIE,LIE_5_1,Planken
1688,LIE,LIE_6_1,Ruggell
1689,LIE,LIE_7_1,Schaan
1690,LIE,LIE_8_1,Schellenberg
1691,LIE,LIE_9_1,Triesen
1692,LIE,LIE_10_1,Triesenberg
1693,LIE,LIE_11_1,Valduz
1694,LKA,LKA_1_1,Ampara
1695,LKA,LKA_2_1,Anuradhapura
1696,LKA,LKA_3_1,Badulla
1697,LKA,LKA_4_1,Batticaloa
1698,LKA,LKA_5_1,Colombo
1699,LKA,LKA_6_1,Galle
1700,LKA,LKA_7_1,Gampaha
1701,LKA,LKA_8_1,Hambantota
1702,LKA,LKA_9_1,Jaffna
1703,LKA,LKA_10_1,Kalutara
1704,LKA,LKA_11_1,Kandy
1705,LKA,LKA_12_1,Kegalle
1706,LKA,LKA_13_1,Kilinochchi
1707,LKA,LKA_14_1,Kurunegala
1708,LKA,LKA_15_1,Mannar
1709,LKA,LKA_16_1,Matale
1710,LKA,LKA_17_1,Matara
1711,LKA,LKA_18_1,Moneragala
1712,LKA,LKA_19_1,Mullaitivu
1713,LKA,LKA_20_1,Nuwara Eliya
1714,LKA,LKA_21_1,Polonnaruwa
1715,LKA,LKA_22_1,Puttalam
1716,LKA,LKA_23_1,Ratnapura
1717,LKA,LKA_24_1,Trincomalee
1718,LKA,LKA_25_1,Vavuniya
1719,LSO,LSO_1_1,Berea
1720,LSO,LSO_2_1,Butha-Buthe
1721,LSO,LSO_3_1,Leribe
1722,LSO,LSO_4_1,Mafeteng
1723,LSO,LSO_5_1,Maseru
1724,LSO,LSO_6_1,Mohale's Hoek
1725,LSO,LSO_7_1,Mokhotlong
1726,LSO,LSO_8_1,Qacha's Nek
1727,LSO,LSO_9_1,Quthing
1728,LSO,LSO_10_1,Thaba-Tseka
1729,LTU,LTU_1_1,Alytaus
1730,LTU,LTU_2_1,Kauno
1731,LTU,LTU_3_1,Klaipedos
1732,LTU,LTU_4_1,Marijampoles
1733,LTU,LTU_5_1,Panevezio
1734,LTU,LTU_6_1,Šiauliai
1735,LTU,LTU_7_1,Taurages
1736,LTU,LTU_8_1,Telšiai
1737,LTU,LTU_9_1,Utenos
1738,LTU,LTU_10_1,Vilniaus
1739,LUX,LUX_1_1,Diekirch
1740,LUX,LUX_2_1,Grevenmacher
1741,LUX,LUX_3_1,Luxembourg
1742,LVA,LVA_1_1,Kurzeme
1743,LVA,LVA_2_1,Latgale
1744,LVA,LVA_3_1,Riga
1745,LVA,LVA_4_1,Vidzeme
1746,LVA,LVA_5_1,Zemgale
1747,MAR,MAR_1_1,Chaouia - Ouardigha
1748,MAR,MAR_2_1,Doukkala - Abda
1749,MAR,MAR_3_1,Fès - Boulemane
1750,MAR,MAR_4_1,Gharb - Chrarda - Béni Hssen
1751,MAR,MAR_5_1,Grand Casablanca
1752,MAR,MAR_6_1,Guelmim - Es-Semara
1753,MAR,MAR_7_1,Laâyoune - Boujdour - Sakia El H
1754,MAR,MAR_8_1,Marrakech - Tensift - Al Haouz
1755,MAR,MAR_9_1,Meknès - Tafilalet
1756,MAR,MAR_10_1,Oriental
1757,MAR,MAR_11_1,Rabat - Salé - Zemmour - Zaer
1758,MAR,MAR_12_1,Souss - Massa - Draâ
1759,MAR,MAR_13_1,Tadla - Azilal
1760,MAR,MAR_14_1,Tanger - Tétouan
1761,MAR,MAR_15_1,Taza - Al Hoceima - Taounate
1762,MDA,MDA_1_1,Anenii Noi
1763,MDA,MDA_2_1,Bălţi
1764,MDA,MDA_3_1,Basarabeasca
1765,MDA,MDA_4_1,Bender
1766,MDA,MDA_5_1,Briceni
1767,MDA,MDA_6_1,Cahul
1768,MDA,MDA_7_1,Calarasi
1769,MDA,MDA_8_1,Cantemir
1770,MDA,MDA_9_1,Causeni
1771,MDA,MDA_10_1,Chişinău
1772,MDA,MDA_11_1,Cimişlia
1773,MDA,MDA_12_1,Criuleni
1774,MDA,MDA_13_1,Donduseni
1775,MDA,MDA_14_1,Drochia
1776,MDA,MDA_15_1,Dubăsari
1777,MDA,MDA_16_1,Edineţ
1778,MDA,MDA_17_1,Făleşti
1779,MDA,MDA_18_1,Floreşti
1780,MDA,MDA_19_1,Găgăuzia
1781,MDA,MDA_20_1,Glodeni
1782,MDA,MDA_21_1,Hîncesti
1783,MDA,MDA_22_1,Ialoveni
1784,MDA,MDA_23_1,Leova
1785,MDA,MDA_24_1,Nisporeni
1786,MDA,MDA_25_1,Ocniţa
1787,MDA,MDA_26_1,Orhei
1788,MDA,MDA_27_1,Rezina
1789,MDA,MDA_28_1,Rîşcani
1790,MDA,MDA_29_1,Sîngerei
1791,MDA,MDA_30_1,Şoldăneşti
1792,MDA,MDA_31_1,Soroca
1793,MDA,MDA_32_1,Ştefan Voda
1794,MDA,MDA_33_1,Străşeni
1795,MDA,MDA_34_1,Taraclia
1796,MDA,MDA_35_1,Teleneşti
1797,MDA,MDA_36_1,Transnistria
1798,MDA,MDA_37_1,Ungheni
1799,MDG,MDG_1_1,Antananarivo
1800,MDG,MDG_2_1,Antsiranana
1801,MDG,MDG_3_1,Fianarantsoa
1802,MDG,MDG_4_1,Mahajanga
1803,MDG,MDG_5_1,Toamasina
1804,MDG,MDG_6_1,Toliary
1805,MEX,MEX_1_1,Aguascalientes
1806,MEX,MEX_3_1,Baja California
1807,MEX,MEX_2_1,Baja California Sur
1808,MEX,MEX_4_1,Campeche
1809,MEX,MEX_5_1,Chiapas
1810,MEX,MEX_6_1,Chihuahua
1811,MEX,MEX_7_1,Coahuila
1812,MEX,MEX_8_1,Colima
1813,MEX,MEX_9_1,Distrito Federal
1814,MEX,MEX_10_1,Durango
1815,MEX,MEX_11_1,Guanajuato
1816,MEX,MEX_12_1,Guerrero
1817,MEX,MEX_13_1,Hidalgo
1818,MEX,MEX_14_1,Jalisco
1819,MEX,MEX_15_1,México
1820,MEX,MEX_16_1,Michoacán
1821,MEX,MEX_17_1,Morelos
1822,MEX,MEX_18_1,Nayarit
1823,MEX,MEX_19_1,Nuevo León
1824,MEX,MEX_20_1,Oaxaca
1825,MEX,MEX_21_1,Puebla
1826,MEX,MEX_22_1,Querétaro
1827,MEX,MEX_23_1,Quintana Roo
1828,MEX,MEX_24_1,San Luis Potosí
1829,MEX,MEX_25_1,Sinaloa
1830,MEX,MEX_26_1,Sonora
1831,MEX,MEX_27_1,Tabasco
1832,MEX,MEX_28_1,Tamaulipas
1833,MEX,MEX_29_1,Tlaxcala
1834,MEX,MEX_30_1,Veracruz
1835,MEX,MEX_31_1,Yucatán
1836,MEX,MEX_32_1,Zacatecas
1837,MHL,MHL_1_1,Ailinglaplap
1838,MHL,MHL_2_1,Ailuk
1839,MHL,MHL_3_1,Arno
1840,MHL,MHL_4_1,Aur
1841,MHL,MHL_5_1,Ebon
1842,MHL,MHL_6_1,Enewetok
1843,MHL,MHL_7_1,Jabat
1844,MHL,MHL_8_1,Jaluit
1845,MHL,MHL_9_1,Kwajalein
1846,MHL,MHL_10_1,Lae
1847,MHL,MHL_11_1,Lib
1848,MHL,MHL_12_1,Likiep
1849,MHL,MHL_13_1,Majuro
1850,MHL,MHL_14_1,Maloelap
1851,MHL,MHL_15_1,Mejit
1852,MHL,MHL_16_1,Mili
1853,MHL,MHL_17_1,Namorik
1854,MHL,MHL_18_1,Namu
1855,MHL,MHL_20_1,Ujae
1856,MHL,MHL_21_1,Utirik
1857,MHL,MHL_22_1,Wotho
1858,MHL,MHL_23_1,Wotje
1859,MHL,MHL_19_1,Rongelap Atoll
1860,MKD,MKD_1_1,Aerodrom
1861,MKD,MKD_2_1,Aracinovo
1862,MKD,MKD_3_1,Berovo
1863,MKD,MKD_4_1,Bitola
1864,MKD,MKD_5_1,Bogdanci
1865,MKD,MKD_6_1,Bogovinje
1866,MKD,MKD_7_1,Bosilovo
1867,MKD,MKD_8_1,Brvenica
1868,MKD,MKD_9_1,Butel
1869,MKD,MKD_10_1,Čair
1870,MKD,MKD_11_1,Čaška
1871,MKD,MKD_12_1,Centar
1872,MKD,MKD_13_1,Centar župa
1873,MKD,MKD_14_1,Češinovo-Obleševo
1874,MKD,MKD_15_1,Čučer Sandevo
1875,MKD,MKD_16_1,Debar
1876,MKD,MKD_17_1,Debarca
1877,MKD,MKD_18_1,Delčevo
1878,MKD,MKD_19_1,Demir Hisar
1879,MKD,MKD_20_1,Demir Kapija
1880,MKD,MKD_21_1,Dolneni
1881,MKD,MKD_23_1,Gazi Baba
1882,MKD,MKD_24_1,Gevgelija
1883,MKD,MKD_25_1,Gjorče Petrov
1884,MKD,MKD_26_1,Gostivar
1885,MKD,MKD_27_1,Gradsko
1886,MKD,MKD_28_1,Ilinden
1887,MKD,MKD_29_1,Jegunovtse
1888,MKD,MKD_30_1,Karbinci
1889,MKD,MKD_31_1,Karpoš
1890,MKD,MKD_32_1,Kavadartsi
1891,MKD,MKD_33_1,Kičevo
1892,MKD,MKD_34_1,Kisela Voda
1893,MKD,MKD_35_1,Kočani
1894,MKD,MKD_36_1,Konče
1895,MKD,MKD_37_1,Kratovo
1896,MKD,MKD_38_1,Kriva Palanka
1897,MKD,MKD_39_1,Krivogaštani
1898,MKD,MKD_40_1,Kruševo
1899,MKD,MKD_41_1,Kumanovo
1900,MKD,MKD_42_1,Lake Ohrid
1901,MKD,MKD_43_1,Lipkovo
1902,MKD,MKD_44_1,Lozovo
1903,MKD,MKD_45_1,Makedonska Kamenica
1904,MKD,MKD_46_1,Makedonski Brod
1905,MKD,MKD_47_1,Mavrovo and Rostuša
1906,MKD,MKD_48_1,Mogila
1907,MKD,MKD_49_1,Negotino
1908,MKD,MKD_50_1,Novatsi
1909,MKD,MKD_51_1,Novo Selo
1910,MKD,MKD_52_1,Ohrid
1911,MKD,MKD_54_1,Pehčevo
1912,MKD,MKD_55_1,Petrovec
1913,MKD,MKD_56_1,Plasnica
1914,MKD,MKD_57_1,Prilep
1915,MKD,MKD_58_1,Probištip
1916,MKD,MKD_59_1,Radoviš
1917,MKD,MKD_60_1,Rankovce
1918,MKD,MKD_61_1,Resen
1919,MKD,MKD_62_1,Rosoman
1920,MKD,MKD_63_1,Saraj
1921,MKD,MKD_64_1,Sopište
1922,MKD,MKD_65_1,Star Dojran
1923,MKD,MKD_66_1,Staro Nagoričane
1924,MKD,MKD_67_1,Štip
1925,MKD,MKD_68_1,Struga
1926,MKD,MKD_69_1,Strumitsa
1927,MKD,MKD_70_1,Studeničani
1928,MKD,MKD_71_1,Šuto Orizari
1929,MKD,MKD_72_1,Sveti Nikole
1930,MKD,MKD_73_1,Tearce
1931,MKD,MKD_74_1,Tetovo
1932,MKD,MKD_75_1,Valandovo
1933,MKD,MKD_76_1,Vasilevo
1934,MKD,MKD_77_1,Veles
1935,MKD,MKD_78_1,Vevčani
1936,MKD,MKD_79_1,Vinitsa
1937,MKD,MKD_81_1,Vrapčište
1938,MKD,MKD_83_1,Zelenikovo
1939,MKD,MKD_84_1,Želino
1940,MKD,MKD_85_1,Zrnovci
1941,MLI,MLI_1_1,Bamako
1942,MLI,MLI_2_1,Gao
1943,MLI,MLI_3_1,Kayes
1944,MLI,MLI_4_1,Kidal
1945,MLI,MLI_5_1,Koulikoro
1946,MLI,MLI_6_1,Mopti
1947,MLI,MLI_7_1,Ségou
1948,MLI,MLI_8_1,Sikasso
1949,MLI,MLI_9_1,Timbuktu
1950,MLT,MLT_1_1,Ċentrali
1951,MLT,MLT_2_1,Għawdex
1952,MLT,MLT_3_1,Nofsinhar
1953,MLT,MLT_4_1,Tramuntana
1954,MLT,MLT_5_1,Xlokk
1955,MMR,MMR_1_1,Ayeyarwady
1956,MMR,MMR_2_1,Bago
1957,MMR,MMR_3_1,Chin
1958,MMR,MMR_4_1,Kachin
1959,MMR,MMR_5_1,Kayah
1960,MMR,MMR_6_1,Kayin
1961,MMR,MMR_7_1,Magway
1962,MMR,MMR_8_1,Mandalay
1963,MMR,MMR_9_1,Mon
1964,MMR,MMR_10_1,Naypyitaw
1965,MMR,MMR_11_1,Rakhine
1966,MMR,MMR_12_1,Sagaing
1967,MMR,MMR_13_1,Shan
1968,MMR,MMR_14_1,Tanintharyi
1969,MMR,MMR_15_1,Yangon
1970,MNE,MNE_1_1,Andrijevica
1971,MNE,MNE_2_1,Bar
1972,MNE,MNE_3_1,Berane
1973,MNE,MNE_4_1,Bijelo Polje
1974,MNE,MNE_5_1,Budva
1975,MNE,MNE_6_1,Cetinje
1976,MNE,MNE_7_1,Danilovgrad
1977,MNE,MNE_8_1,Herceg Novi
1978,MNE,MNE_9_1,Kolašin
1979,MNE,MNE_10_1,Kotor
1980,MNE,MNE_11_1,Mojkovac
1981,MNE,MNE_12_1,Nikšic
1982,MNE,MNE_13_1,Plav
1983,MNE,MNE_14_1,Pljevlja
1984,MNE,MNE_15_1,Plužine
1985,MNE,MNE_16_1,Podgorica
1986,MNE,MNE_17_1,Rožaje
1987,MNE,MNE_18_1,Šavnik
1988,MNE,MNE_19_1,Tivat
1989,MNE,MNE_20_1,Ulcinj
1990,MNE,MNE_21_1,Žabljak
1991,MNG,MNG_1_1,Arhangay
1992,MNG,MNG_2_1,Bayan-Ölgiy
1993,MNG,MNG_3_1,Bayanhongor
1994,MNG,MNG_4_1,Bulgan
1995,MNG,MNG_5_1,Darhan-Uul
1996,MNG,MNG_6_1,Dornod
1997,MNG,MNG_7_1,Dornogovi
1998,MNG,MNG_8_1,Dundgovi
1999,MNG,MNG_9_1,Dzavhan
2000,MNG,MNG_10_1,Govi-Altay
2001,MNG,MNG_11_1,Govisümber
2002,MNG,MNG_12_1,Hentiy
2003,MNG,MNG_13_1,Hovd
2004,MNG,MNG_14_1,Hövsgöl
2005,MNG,MNG_15_1,Ömnögovi
2006,MNG,MNG_16_1,Orhon
2007,MNG,MNG_17_1,Övörhangay
2008,MNG,MNG_18_1,Selenge
2009,MNG,MNG_19_1,Sühbaatar
2010,MNG,MNG_20_1,Töv
2011,MNG,MNG_21_1,Ulaanbaatar
2012,MNG,MNG_22_1,Uvs
2013,MNP,MNP_1_1,Northern Islands
2014,MNP,MNP_2_1,Rota
2015,MNP,MNP_3_1,Saipan
2016,MNP,MNP_4_1,Tinian
2017,MOZ,MOZ_1_1,Cabo Delgado
2018,MOZ,MOZ_2_1,Gaza
2019,MOZ,MOZ_3_1,Inhambane
2020,MOZ,MOZ_4_1,Manica
2021,MOZ,MOZ_6_1,Maputo
2022,MOZ,MOZ_5_1,Maputo City
2023,MOZ,MOZ_7_1,Nampula
2024,MOZ,MOZ_8_1,Nassa
2025,MOZ,MOZ_9_1,Sofala
2026,MOZ,MOZ_10_1,Tete
2027,MOZ,MOZ_11_1,Zambezia
2028,MRT,MRT_1_1,Adrar
2029,MRT,MRT_2_1,Assaba
2030,MRT,MRT_3_1,Brakna
2031,MRT,MRT_4_1,Dakhlet Nouadhibou
2032,MRT,MRT_5_1,Gorgol
2033,MRT,MRT_6_1,Guidimaka
2034,MRT,MRT_7_1,Hodh ech Chargui
2035,MRT,MRT_8_1,Hodh el Gharbi
2036,MRT,MRT_9_1,Inchiri
2037,MRT,MRT_10_1,Nouakchott
2038,MRT,MRT_11_1,Tagant
2039,MRT,MRT_12_1,Tiris Zemmour
2040,MRT,MRT_13_1,Trarza
2041,MSR,MSR_1_1,Saint Anthon
2042,MSR,MSR_2_1,Saint Georges
2043,MSR,MSR_3_1,Saint Peter
2044,MTQ,MTQ_1_1,Fort-de-France
2045,MTQ,MTQ_2_1,Le Marin
2046,MTQ,MTQ_3_1,Le Trinité
2047,MTQ,MTQ_4_1,Saint-Pierre
2048,MUS,MUS_1_1,Agalega Islands
2049,MUS,MUS_2_1,Black River
2050,MUS,MUS_3_1,Flacq
2051,MUS,MUS_4_1,Grand Port
2052,MUS,MUS_5_1,Moka
2053,MUS,MUS_6_1,Pamplemousses
2054,MUS,MUS_7_1,Plaines Wilhems
2055,MUS,MUS_8_1,Port Louis
2056,MUS,MUS_9_1,Rivière du Rempart
2057,MUS,MUS_10_1,Rodriguez
2058,MUS,MUS_11_1,Saint Brandon
2059,MUS,MUS_12_1,Savanne
2060,MWI,MWI_1_1,Balaka
2061,MWI,MWI_2_1,Blantyre
2062,MWI,MWI_3_1,Chikwawa
2063,MWI,MWI_4_1,Chiradzulu
2064,MWI,MWI_5_1,Chitipa
2065,MWI,MWI_6_1,Dedza
2066,MWI,MWI_7_1,Dowa
2067,MWI,MWI_8_1,Karonga
2068,MWI,MWI_9_1,Kasungu
2069,MWI,MWI_10_1,Likoma
2070,MWI,MWI_11_1,Lilongwe
2071,MWI,MWI_12_1,Machinga
2072,MWI,MWI_13_1,Mangochi
2073,MWI,MWI_14_1,Mchinji
2074,MWI,MWI_15_1,Mulanje
2075,MWI,MWI_16_1,Mwanza
2076,MWI,MWI_17_1,Mzimba
2077,MWI,MWI_18_1,Neno
2078,MWI,MWI_19_1,Nkhata Bay
2079,MWI,MWI_20_1,Nkhotakota
2080,MWI,MWI_21_1,Nsanje
2081,MWI,MWI_22_1,Ntcheu
2082,MWI,MWI_23_1,Ntchisi
2083,MWI,MWI_24_1,Phalombe
2084,MWI,MWI_25_1,Rumphi
2085,MWI,MWI_26_1,Salima
2086,MWI,MWI_27_1,Thyolo
2087,MWI,MWI_28_1,Zomba
2088,MYS,MYS_1_1,Johor
2089,MYS,MYS_2_1,Kedah
2090,MYS,MYS_3_1,Kelantan
2091,MYS,MYS_4_1,Kuala Lumpur
2092,MYS,MYS_5_1,Labuan
2093,MYS,MYS_6_1,Melaka
2094,MYS,MYS_7_1,Negeri Sembilan
2095,MYS,MYS_8_1,Pahang
2096,MYS,MYS_9_1,Perak
2097,MYS,MYS_10_1,Perlis
2098,MYS,MYS_11_1,Pulau Pinang
2099,MYS,MYS_12_1,Putrajaya
2100,MYS,MYS_13_1,Sabah
2101,MYS,MYS_14_1,Sarawak
2102,MYS,MYS_15_1,Selangor
2103,MYS,MYS_16_1,Trengganu
2104,MYT,MYT_1_1,Acoua
2105,MYT,MYT_2_1,Bandraboua
2106,MYT,MYT_3_1,Bandrele
2107,MYT,MYT_4_1,Boueni
2108,MYT,MYT_5_1,Chiconi
2109,MYT,MYT_6_1,Chirongui
2110,MYT,MYT_7_1,Dembeni
2111,MYT,MYT_8_1,Dzaoudzi
2112,MYT,MYT_9_1,Kani-Keli
2113,MYT,MYT_10_1,Koungou
2114,MYT,MYT_11_1,M'tsangamouji
2115,MYT,MYT_12_1,Mamoudzou
2116,MYT,MYT_13_1,Mtsamboro
2117,MYT,MYT_14_1,Ouangani
2118,MYT,MYT_15_1,Pamandzi
2119,MYT,MYT_16_1,Sada
2120,MYT,MYT_17_1,Tsingoni
2121,NAM,NAM_1_1,!Karas
2122,NAM,NAM_2_1,Erongo
2123,NAM,NAM_3_1,Hardap
2124,NAM,NAM_4_1,Kavango
2125,NAM,NAM_5_1,Khomas
2126,NAM,NAM_6_1,Kunene
2127,NAM,NAM_7_1,Ohangwena
2128,NAM,NAM_8_1,Omaheke
2129,NAM,NAM_9_1,Omusati
2130,NAM,NAM_10_1,Oshana
2131,NAM,NAM_11_1,Oshikoto
2132,NAM,NAM_12_1,Otjozondjupa
2133,NAM,NAM_13_1,Zambezi
2134,NCL,NCL_1_1,Îles Loyauté
2135,NCL,NCL_2_1,Nord
2136,NCL,NCL_3_1,Sud
2137,NER,NER_1_1,Agadez
2138,NER,NER_2_1,Diffa
2139,NER,NER_3_1,Dosso
2140,NER,NER_4_1,Maradi
2141,NER,NER_5_1,Niamey
2142,NER,NER_6_1,Tahoua
2143,NER,NER_7_1,Tillabéry
2144,NER,NER_8_1,Zinder
2145,NGA,NGA_1_1,Abia
2146,NGA,NGA_2_1,Adamawa
2147,NGA,NGA_3_1,Akwa Ibom
2148,NGA,NGA_4_1,Anambra
2149,NGA,NGA_5_1,Bauchi
2150,NGA,NGA_6_1,Bayelsa
2151,NGA,NGA_7_1,Benue
2152,NGA,NGA_8_1,Borno
2153,NGA,NGA_9_1,Cross River
2154,NGA,NGA_10_1,Delta
2155,NGA,NGA_11_1,Ebonyi
2156,NGA,NGA_12_1,Edo
2157,NGA,NGA_13_1,Ekiti
2158,NGA,NGA_14_1,Enugu
2159,NGA,NGA_15_1,Federal Capital Territory
2160,NGA,NGA_16_1,Gombe
2161,NGA,NGA_17_1,Imo
2162,NGA,NGA_18_1,Jigawa
2163,NGA,NGA_19_1,Kaduna
2164,NGA,NGA_20_1,Kano
2165,NGA,NGA_21_1,Katsina
2166,NGA,NGA_22_1,Kebbi
2167,NGA,NGA_23_1,Kogi
2168,NGA,NGA_24_1,Kwara
2169,NGA,NGA_25_1,Lagos
2170,NGA,NGA_26_1,Nasarawa
2171,NGA,NGA_27_1,Niger
2172,NGA,NGA_28_1,Ogun
2173,NGA,NGA_29_1,Ondo
2174,NGA,NGA_30_1,Osun
2175,NGA,NGA_31_1,Oyo
2176,NGA,NGA_32_1,Plateau
2177,NGA,NGA_33_1,Rivers
2178,NGA,NGA_34_1,Sokoto
2179,NGA,NGA_35_1,Taraba
2180,NGA,NGA_36_1,Yobe
2181,NGA,NGA_37_1,Zamfara
2182,NIC,NIC_1_1,Atlántico Norte
2183,NIC,NIC_2_1,Atlántico Sur
2184,NIC,NIC_3_1,Boaco
2185,NIC,NIC_4_1,Carazo
2186,NIC,NIC_5_1,Chinandega
2187,NIC,NIC_6_1,Chontales
2188,NIC,NIC_7_1,Estelí
2189,NIC,NIC_8_1,Granada
2190,NIC,NIC_9_1,Jinotega
2191,NIC,NIC_10_1,Lago Nicaragua
2192,NIC,NIC_11_1,León
2193,NIC,NIC_12_1,Madriz
2194,NIC,NIC_13_1,Managua
2195,NIC,NIC_14_1,Masaya
2196,NIC,NIC_15_1,Matagalpa
2197,NIC,NIC_16_1,Nueva Segovia
2198,NIC,NIC_17_1,Río San Juan
2199,NIC,NIC_18_1,Rivas
2200,NLD,NLD_1_1,Drenthe
2201,NLD,NLD_2_1,Flevoland
2202,NLD,NLD_3_1,Fryslân
2203,NLD,NLD_4_1,Gelderland
2204,NLD,NLD_5_1,Groningen
2205,NLD,NLD_6_1,IJsselmeer
2206,NLD,NLD_7_1,Limburg
2207,NLD,NLD_8_1,Noord-Brabant
2208,NLD,NLD_9_1,Noord-Holland
2209,NLD,NLD_10_1,Overijssel
2210,NLD,NLD_11_1,Utrecht
2211,NLD,NLD_12_1,Zeeland
2212,NLD,NLD_13_1,Zeeuwse meren
2213,NLD,NLD_14_1,Zuid-Holland
2214,NOR,NOR_1_1,Akershus
2215,NOR,NOR_2_1,Ãstfold
2216,NOR,NOR_3_1,Aust-Agder
2217,NOR,NOR_4_1,Buskerud
2218,NOR,NOR_5_1,Finnmark
2219,NOR,NOR_6_1,Hedmark
2220,NOR,NOR_7_1,Hordaland
2221,NOR,NOR_8_1,Møre og Romsdal
2222,NOR,NOR_9_1,Nord-Trøndelag
2223,NOR,NOR_10_1,Nordland
2224,NOR,NOR_11_1,Oppland
2225,NOR,NOR_12_1,Oslo
2226,NOR,NOR_13_1,Rogaland
2227,NOR,NOR_14_1,Sogn og Fjordane
2228,NOR,NOR_15_1,Sør-Trøndelag
2229,NOR,NOR_16_1,Telemark
2230,NOR,NOR_17_1,Troms
2231,NOR,NOR_18_1,Vest-Agder
2232,NOR,NOR_19_1,Vestfold
2233,NPL,NPL_1_1,Central
2234,NPL,NPL_2_1,East
2235,NPL,NPL_3_1,Far-Western
2236,NPL,NPL_4_1,Mid-Western
2237,NPL,NPL_5_1,West
2238,NRU,NRU_1_1,Aiwo
2239,NRU,NRU_2_1,Anabar
2240,NRU,NRU_3_1,Anetan
2241,NRU,NRU_4_1,Anibare
2242,NRU,NRU_5_1,Baiti
2243,NRU,NRU_6_1,Boe
2244,NRU,NRU_7_1,Buada
2245,NRU,NRU_8_1,Denigomodu
2246,NRU,NRU_9_1,Ewa
2247,NRU,NRU_10_1,Ijuw
2248,NRU,NRU_11_1,Meneng
2249,NRU,NRU_12_1,Nibok
2250,NRU,NRU_13_1,Uaboe
2251,NRU,NRU_14_1,Yaren
2252,NZL,NZL_1_1,Auckland
2253,NZL,NZL_2_1,Bay of Plenty
2254,NZL,NZL_3_1,Canterbury
2255,NZL,NZL_4_1,Chatham Islands
2256,NZL,NZL_5_1,Gisborne
2257,NZL,NZL_6_1,Hawke's Bay
2258,NZL,NZL_7_1,Manawatu-Wanganui
2259,NZL,NZL_8_1,Marlborough
2260,NZL,NZL_9_1,Nelson
2261,NZL,NZL_10_1,Northern Islands
2262,NZL,NZL_11_1,Northland
2263,NZL,NZL_12_1,Otago
2264,NZL,NZL_13_1,Southern Islands
2265,NZL,NZL_14_1,Southland
2266,NZL,NZL_15_1,Taranaki
2267,NZL,NZL_16_1,Tasman
2268,NZL,NZL_17_1,Waikato
2269,NZL,NZL_18_1,Wellington
2270,NZL,NZL_19_1,West Coast
2271,OMN,OMN_1_1,Ad Dakhliyah
2272,OMN,OMN_2_1,Al Batinah North
2273,OMN,OMN_3_1,Al Batinah South
2274,OMN,OMN_4_1,Al Buraymi
2275,OMN,OMN_5_1,Al Dhahira
2276,OMN,OMN_6_1,Al Wusta
2277,OMN,OMN_7_1,Ash Sharqiyah North
2278,OMN,OMN_8_1,Ash Sharqiyah South
2279,OMN,OMN_9_1,Dhofar
2280,OMN,OMN_10_1,Musandam
2281,OMN,OMN_11_1,Muscat
2282,Z06,Z06_1_1,Azad Kashmir
2283,PAK,PAK_2_1,Balochistan
2284,PAK,PAK_3_1,Federally Administered Tribal Ar
2285,Z06,Z06_6_1,Gilgit-Baltistan
2286,PAK,PAK_4_1,Islamabad
2287,PAK,PAK_5_1,Khyber-Pakhtunkhwa
2288,PAK,PAK_7_1,Punjab
2289,PAK,PAK_8_1,Sindh
2290,PAN,PAN_1_1,Bocas del Toro
2291,PAN,PAN_2_1,Chiriquí
2292,PAN,PAN_3_1,Coclé
2293,PAN,PAN_4_1,Colón
2294,PAN,PAN_5_1,Darién
2295,PAN,PAN_6_1,Emberá
2296,PAN,PAN_7_1,Herrera
2297,PAN,PAN_8_1,Kuna Yala
2298,PAN,PAN_9_1,Los Santos
2299,PAN,PAN_10_1,Ngöbe Buglé
2300,PAN,PAN_12_1,Panamá
2301,PAN,PAN_11_1,Panamá Oeste
2302,PAN,PAN_13_1,Veraguas
2303,PER,PER_1_1,Amazonas
2304,PER,PER_2_1,Ancash
2305,PER,PER_3_1,Apurímac
2306,PER,PER_4_1,Arequipa
2307,PER,PER_5_1,Ayacucho
2308,PER,PER_6_1,Cajamarca
2309,PER,PER_7_1,Callao
2310,PER,PER_8_1,Cusco
2311,PER,PER_9_1,Huancavelica
2312,PER,PER_10_1,Huánuco
2313,PER,PER_11_1,Ica
2314,PER,PER_12_1,Junín
2315,PER,PER_13_1,La Libertad
2316,PER,PER_14_1,Lambayeque
2317,PER,PER_16_1,Lima
2318,PER,PER_15_1,Lima Province
2319,PER,PER_17_1,Loreto
2320,PER,PER_18_1,Madre de Dios
2321,PER,PER_19_1,Moquegua
2322,PER,PER_20_1,Pasco
2323,PER,PER_21_1,Piura
2324,PER,PER_22_1,Puno
2325,PER,PER_23_1,San Martín
2326,PER,PER_24_1,Tacna
2327,PER,PER_25_1,Tumbes
2328,PER,PER_26_1,Ucayali
2329,PHL,PHL_1_1,Abra
2330,PHL,PHL_2_1,Agusan del Norte
2331,PHL,PHL_3_1,Agusan del Sur
2332,PHL,PHL_4_1,Aklan
2333,PHL,PHL_5_1,Albay
2334,PHL,PHL_6_1,Antique
2335,PHL,PHL_7_1,Apayao
2336,PHL,PHL_8_1,Aurora
2337,PHL,PHL_9_1,Basilan
2338,PHL,PHL_10_1,Bataan
2339,PHL,PHL_11_1,Batanes
2340,PHL,PHL_12_1,Batangas
2341,PHL,PHL_13_1,Benguet
2342,PHL,PHL_14_1,Biliran
2343,PHL,PHL_15_1,Bohol
2344,PHL,PHL_16_1,Bukidnon
2345,PHL,PHL_17_1,Bulacan
2346,PHL,PHL_18_1,Cagayan
2347,PHL,PHL_19_1,Camarines Norte
2348,PHL,PHL_20_1,Camarines Sur
2349,PHL,PHL_21_1,Camiguin
2350,PHL,PHL_22_1,Capiz
2351,PHL,PHL_23_1,Catanduanes
2352,PHL,PHL_24_1,Cavite
2353,PHL,PHL_25_1,Cebu
2354,PHL,PHL_26_1,Compostela Valley
2355,PHL,PHL_27_1,Davao del Norte
2356,PHL,PHL_28_1,Davao del Sur
2357,PHL,PHL_29_1,Davao Oriental
2358,PHL,PHL_30_1,Dinagat Islands
2359,PHL,PHL_31_1,Eastern Samar
2360,PHL,PHL_32_1,Guimaras
2361,PHL,PHL_33_1,Ifugao
2362,PHL,PHL_34_1,Ilocos Norte
2363,PHL,PHL_35_1,Ilocos Sur
2364,PHL,PHL_36_1,Iloilo
2365,PHL,PHL_37_1,Isabela
2366,PHL,PHL_38_1,Kalinga
2367,PHL,PHL_39_1,La Union
2368,PHL,PHL_40_1,Laguna
2369,PHL,PHL_41_1,Lanao del Norte
2370,PHL,PHL_42_1,Lanao del Sur
2371,PHL,PHL_43_1,Leyte
2372,PHL,PHL_44_1,Maguindanao
2373,PHL,PHL_45_1,Marinduque
2374,PHL,PHL_46_1,Masbate
2375,PHL,PHL_47_1,Metropolitan Manila
2376,PHL,PHL_48_1,Misamis Occidental
2377,PHL,PHL_49_1,Misamis Oriental
2378,PHL,PHL_50_1,Mountain Province
2379,PHL,PHL_51_1,Negros Occidental
2380,PHL,PHL_52_1,Negros Oriental
2381,PHL,PHL_53_1,North Cotabato
2382,PHL,PHL_54_1,Northern Samar
2383,PHL,PHL_55_1,Nueva Ecija
2384,PHL,PHL_56_1,Nueva Vizcaya
2385,PHL,PHL_57_1,Occidental Mindoro
2386,PHL,PHL_58_1,Oriental Mindoro
2387,PHL,PHL_59_1,Palawan
2388,PHL,PHL_60_1,Pampanga
2389,PHL,PHL_61_1,Pangasinan
2390,PHL,PHL_62_1,Quezon
2391,PHL,PHL_63_1,Quirino
2392,PHL,PHL_64_1,Rizal
2393,PHL,PHL_65_1,Romblon
2394,PHL,PHL_66_1,Samar
2395,PHL,PHL_67_1,Sarangani
2396,PHL,PHL_68_1,Siquijor
2397,PHL,PHL_69_1,Sorsogon
2398,PHL,PHL_70_1,South Cotabato
2399,PHL,PHL_71_1,Southern Leyte
2400,PHL,PHL_72_1,Sultan Kudarat
2401,PHL,PHL_73_1,Sulu
2402,PHL,PHL_74_1,Surigao del Norte
2403,PHL,PHL_75_1,Surigao del Sur
2404,PHL,PHL_76_1,Tarlac
2405,PHL,PHL_77_1,Tawi-Tawi
2406,PHL,PHL_78_1,Zambales
2407,PHL,PHL_79_1,Zamboanga del Norte
2408,PHL,PHL_80_1,Zamboanga del Sur
2409,PHL,PHL_81_1,Zamboanga Sibugay
2410,PLW,PLW_1_1,Aimeliik
2411,PLW,PLW_2_1,Airai
2412,PLW,PLW_3_1,Angaur
2413,PLW,PLW_4_1,Hatohobei
2414,PLW,PLW_5_1,Kayangel
2415,PLW,PLW_6_1,Koror
2416,PLW,PLW_7_1,Melekeok
2417,PLW,PLW_8_1,Ngaraard
2418,PLW,PLW_9_1,Ngarchelong
2419,PLW,PLW_10_1,Ngardmau
2420,PLW,PLW_11_1,Ngatpang
2421,PLW,PLW_12_1,Ngchesar
2422,PLW,PLW_13_1,Ngeremlengui
2423,PLW,PLW_14_1,Ngiwal
2424,PLW,PLW_15_1,Peleliu
2425,PLW,PLW_16_1,Sonsorol
2426,PNG,PNG_1_1,Bougainville
2427,PNG,PNG_2_1,Central
2428,PNG,PNG_3_1,Chimbu
2429,PNG,PNG_4_1,East New Britain
2430,PNG,PNG_5_1,East Sepik
2431,PNG,PNG_6_1,Eastern Highlands
2432,PNG,PNG_7_1,Enga
2433,PNG,PNG_8_1,Gulf
2434,PNG,PNG_9_1,Hela
2435,PNG,PNG_10_1,Jiwaka
2436,PNG,PNG_11_1,Madang
2437,PNG,PNG_12_1,Manus
2438,PNG,PNG_13_1,Milne Bay
2439,PNG,PNG_14_1,Morobe
2440,PNG,PNG_15_1,National Capital District
2441,PNG,PNG_16_1,New Ireland
2442,PNG,PNG_17_1,Oro
2443,PNG,PNG_18_1,Sandaun
2444,PNG,PNG_19_1,Southern Highlands
2445,PNG,PNG_20_1,West New Britain
2446,PNG,PNG_22_1,Western
2447,PNG,PNG_21_1,Western Highlands
2448,POL,POL_1_1,Dolnośląskie
2449,POL,POL_2_1,Kujawsko-Pomorskie
2450,POL,POL_3_1,Łódzkie
2451,POL,POL_4_1,Lubelskie
2452,POL,POL_5_1,Lubuskie
2453,POL,POL_6_1,Małopolskie
2454,POL,POL_7_1,Mazowieckie
2455,POL,POL_8_1,Opolskie
2456,POL,POL_9_1,Podkarpackie
2457,POL,POL_10_1,Podlaskie
2458,POL,POL_11_1,Pomorskie
2459,POL,POL_12_1,Śląskie
2460,POL,POL_13_1,Świętokrzyskie
2461,POL,POL_14_1,Warmińsko-Mazurskie
2462,POL,POL_15_1,Wielkopolskie
2463,POL,POL_16_1,Zachodniopomorskie
2464,PRI,PRI_1_1,Adjuntas
2465,PRI,PRI_2_1,Aguada
2466,PRI,PRI_3_1,Aguadilla
2467,PRI,PRI_4_1,Aguas Buenas
2468,PRI,PRI_5_1,Aibonito
2469,PRI,PRI_6_1,Añasco
2470,PRI,PRI_7_1,Arecibo
2471,PRI,PRI_8_1,Arroyo
2472,PRI,PRI_9_1,Barceloneta
2473,PRI,PRI_10_1,Barranquitas
2474,PRI,PRI_11_1,Bayamón
2475,PRI,PRI_12_1,Cabo Rojo
2476,PRI,PRI_13_1,Caguas
2477,PRI,PRI_14_1,Camuy
2478,PRI,PRI_15_1,Canóvanas
2479,PRI,PRI_16_1,Carolina
2480,PRI,PRI_17_1,Cataño
2481,PRI,PRI_18_1,Cayey
2482,PRI,PRI_19_1,Ceiba
2483,PRI,PRI_20_1,Ciales
2484,PRI,PRI_21_1,Cidra
2485,PRI,PRI_22_1,Coamo
2486,PRI,PRI_23_1,Comerío
2487,PRI,PRI_24_1,Corozal
2488,PRI,PRI_25_1,Culebra
2489,PRI,PRI_26_1,Dorado
2490,PRI,PRI_27_1,Fajardo
2491,PRI,PRI_28_1,Florida
2492,PRI,PRI_29_1,Guánica
2493,PRI,PRI_30_1,Guayama
2494,PRI,PRI_31_1,Guayanilla
2495,PRI,PRI_32_1,Guaynabo
2496,PRI,PRI_33_1,Gurabo
2497,PRI,PRI_34_1,Hatillo
2498,PRI,PRI_35_1,Hormigueros
2499,PRI,PRI_36_1,Humacao
2500,PRI,PRI_37_1,Isabela
2501,PRI,PRI_38_1,Jayuya
2502,PRI,PRI_39_1,Juana Díaz
2503,PRI,PRI_40_1,Juncos
2504,PRI,PRI_41_1,Lajas
2505,PRI,PRI_42_1,Lares
2506,PRI,PRI_43_1,Las Marías
2507,PRI,PRI_44_1,Las Piedras
2508,PRI,PRI_45_1,Loíza
2509,PRI,PRI_46_1,Luquillo
2510,PRI,PRI_47_1,Manatí
2511,PRI,PRI_48_1,Maricao
2512,PRI,PRI_49_1,Maunabo
2513,PRI,PRI_50_1,Mayagüez
2514,PRI,PRI_51_1,Moca
2515,PRI,PRI_52_1,Morovis
2516,PRI,PRI_53_1,Naguabo
2517,PRI,PRI_54_1,Naranjito
2518,PRI,PRI_55_1,Orocovis
2519,PRI,PRI_56_1,Patillas
2520,PRI,PRI_57_1,Peñuelas
2521,PRI,PRI_58_1,Ponce
2522,PRI,PRI_59_1,Quebradillas
2523,PRI,PRI_60_1,Rincón
2524,PRI,PRI_61_1,Río Grande
2525,PRI,PRI_62_1,Sabana Grande
2526,PRI,PRI_63_1,Salinas
2527,PRI,PRI_64_1,San Germán
2528,PRI,PRI_65_1,San Juan
2529,PRI,PRI_66_1,San Lorenzo
2530,PRI,PRI_67_1,San Sebastián
2531,PRI,PRI_68_1,Santa Isabel
2532,PRI,PRI_69_1,Toa Alta
2533,PRI,PRI_70_1,Toa Baja
2534,PRI,PRI_71_1,Trujillo Alto
2535,PRI,PRI_72_1,Utuado
2536,PRI,PRI_73_1,Vega Alta
2537,PRI,PRI_74_1,Vega Baja
2538,PRI,PRI_75_1,Vieques
2539,PRI,PRI_76_1,Villalba
2540,PRI,PRI_77_1,Yabucoa
2541,PRI,PRI_78_1,Yauco
2542,PRK,PRK_1_1,Chagang-do
2543,PRK,PRK_2_1,Hamgyŏng-bukto
2544,PRK,PRK_3_1,Hamgyŏng-namdo
2545,PRK,PRK_4_1,Hwanghae-bukto
2546,PRK,PRK_5_1,Hwanghae-namdo
2547,PRK,PRK_6_1,Kaesŏng
2548,PRK,PRK_7_1,Kangwŏn-do
2549,PRK,PRK_8_1,Kumgangsan
2550,PRK,PRK_9_1,P'yŏngan-bukto
2551,PRK,PRK_10_1,P'yŏngan-namdo
2552,PRK,PRK_11_1,P'yŏngyang
2553,PRK,PRK_12_1,Rasŏn
2554,PRK,PRK_13_1,Ryanggang
2555,PRK,PRK_14_1,Sinŭiju
2556,PRT,PRT_1_1,Aveiro
2557,PRT,PRT_2_1,Azores
2558,PRT,PRT_3_1,Beja
2559,PRT,PRT_4_1,Braga
2560,PRT,PRT_5_1,Bragança
2561,PRT,PRT_6_1,Castelo Branco
2562,PRT,PRT_7_1,Coimbra
2563,PRT,PRT_8_1,Évora
2564,PRT,PRT_9_1,Faro
2565,PRT,PRT_10_1,Guarda
2566,PRT,PRT_11_1,Leiria
2567,PRT,PRT_12_1,Lisboa
2568,PRT,PRT_13_1,Madeira
2569,PRT,PRT_14_1,Portalegre
2570,PRT,PRT_15_1,Porto
2571,PRT,PRT_16_1,Santarém
2572,PRT,PRT_17_1,Setúbal
2573,PRT,PRT_18_1,Viana do Castelo
2574,PRT,PRT_19_1,Vila Real
2575,PRT,PRT_20_1,Viseu
2576,PRY,PRY_1_1,Alto Paraguay
2577,PRY,PRY_2_1,Alto Paraná
2578,PRY,PRY_3_1,Amambay
2579,PRY,PRY_4_1,Asunción
2580,PRY,PRY_5_1,Boquerón
2581,PRY,PRY_6_1,Caaguazú
2582,PRY,PRY_7_1,Caazapá
2583,PRY,PRY_8_1,Canindeyú
2584,PRY,PRY_9_1,Central
2585,PRY,PRY_10_1,Concepción
2586,PRY,PRY_11_1,Cordillera
2587,PRY,PRY_12_1,Guairá
2588,PRY,PRY_13_1,Itapúa
2589,PRY,PRY_14_1,Misiones
2590,PRY,PRY_15_1,Ñeembucú
2591,PRY,PRY_16_1,Paraguarí
2592,PRY,PRY_17_1,Presidente Hayes
2593,PRY,PRY_18_1,San Pedro
2594,PSE,PSE_1_1,Gaza
2595,PSE,PSE_2_1,West Bank
2596,PYF,PYF_1_1,Îles Australes
2597,PYF,PYF_2_1,Îles du Vent
2598,PYF,PYF_3_1,Îles Marquises
2599,PYF,PYF_4_1,Îles Sous-le-Vent
2600,PYF,PYF_5_1,Îles Tuamotu-Gambier
2601,QAT,QAT_1_1,Ad Dawhah
2602,QAT,QAT_2_1,Al Daayen
2603,QAT,QAT_3_1,Al Khor
2604,QAT,QAT_4_1,Al Wakrah
2605,QAT,QAT_5_1,Ar Rayyan
2606,QAT,QAT_6_1,Madinat ash Shamal
2607,QAT,QAT_7_1,Umm Salal
2608,REU,REU_1_1,Saint-Benoît
2609,REU,REU_2_1,Saint-Denis
2610,REU,REU_3_1,Saint-Paul
2611,REU,REU_4_1,Saint-Pierre
2612,ROU,ROU_1_1,Alba
2613,ROU,ROU_2_1,Arad
2614,ROU,ROU_3_1,Argeș
2615,ROU,ROU_4_1,Bacău
2616,ROU,ROU_5_1,Bihor
2617,ROU,ROU_6_1,Bistrița-Năsăud
2618,ROU,ROU_7_1,Botoșani
2619,ROU,ROU_9_1,Brăila
2620,ROU,ROU_8_1,Brașov
2621,ROU,ROU_10_1,Bucharest
2622,ROU,ROU_11_1,Buzău
2623,ROU,ROU_12_1,Călărași
2624,ROU,ROU_13_1,Caraș-Severin
2625,ROU,ROU_14_1,Cluj
2626,ROU,ROU_15_1,Constanța
2627,ROU,ROU_16_1,Covasna
2628,ROU,ROU_17_1,Dâmbovița
2629,ROU,ROU_18_1,Dolj
2630,ROU,ROU_19_1,Galați
2631,ROU,ROU_20_1,Giurgiu
2632,ROU,ROU_21_1,Gorj
2633,ROU,ROU_22_1,Harghita
2634,ROU,ROU_23_1,Hunedoara
2635,ROU,ROU_25_1,Ialomița
2636,ROU,ROU_24_1,Iași
2637,ROU,ROU_26_1,Ilfov
2638,ROU,ROU_27_1,Maramureș
2639,ROU,ROU_28_1,Mehedinți
2640,ROU,ROU_29_1,Mureș
2641,ROU,ROU_30_1,Neamț
2642,ROU,ROU_31_1,Olt
2643,ROU,ROU_32_1,Prahova
2644,ROU,ROU_33_1,Sălaj
2645,ROU,ROU_34_1,Satu Mare
2646,ROU,ROU_35_1,Sibiu
2647,ROU,ROU_36_1,Suceava
2648,ROU,ROU_37_1,Teleorman
2649,ROU,ROU_38_1,Timiș
2650,ROU,ROU_39_1,Tulcea
2651,ROU,ROU_40_1,Vâlcea
2652,ROU,ROU_41_1,Vaslui
2653,ROU,ROU_42_1,Vrancea
2654,RUS,RUS_1_1,Adygey
2655,RUS,RUS_2_1,Altay
2656,RUS,RUS_3_1,Amur
2657,RUS,RUS_4_1,Arkhangel'sk
2658,RUS,RUS_5_1,Astrakhan'
2659,RUS,RUS_6_1,Bashkortostan
2660,RUS,RUS_7_1,Belgorod
2661,RUS,RUS_8_1,Bryansk
2662,RUS,RUS_9_1,Buryat
2663,RUS,RUS_10_1,Chechnya
2664,RUS,RUS_11_1,Chelyabinsk
2665,RUS,RUS_12_1,Chukot
2666,RUS,RUS_13_1,Chuvash
2667,RUS,RUS_14_1,City of St. Petersburg
2668,RUS,RUS_15_1,Dagestan
2669,RUS,RUS_16_1,Gorno-Altay
2670,RUS,RUS_17_1,Ingush
2671,RUS,RUS_18_1,Irkutsk
2672,RUS,RUS_19_1,Ivanovo
2673,RUS,RUS_20_1,Kabardin-Balkar
2674,RUS,RUS_21_1,Kaliningrad
2675,RUS,RUS_22_1,Kalmyk
2676,RUS,RUS_23_1,Kaluga
2677,RUS,RUS_24_1,Kamchatka
2678,RUS,RUS_25_1,Karachay-Cherkess
2679,RUS,RUS_26_1,Karelia
2680,RUS,RUS_27_1,Kemerovo
2681,RUS,RUS_28_1,Khabarovsk
2682,RUS,RUS_29_1,Khakass
2683,RUS,RUS_30_1,Khanty-Mansiy
2684,RUS,RUS_31_1,Kirov
2685,RUS,RUS_32_1,Komi
2686,RUS,RUS_33_1,Kostroma
2687,RUS,RUS_34_1,Krasnodar
2688,RUS,RUS_35_1,Krasnoyarsk
2689,RUS,RUS_36_1,Kurgan
2690,RUS,RUS_37_1,Kursk
2691,RUS,RUS_38_1,Leningrad
2692,RUS,RUS_39_1,Lipetsk
2693,RUS,RUS_40_1,Magadan
2694,RUS,RUS_41_1,Mariy-El
2695,RUS,RUS_42_1,Mordovia
2696,RUS,RUS_43_1,Moscow City
2697,RUS,RUS_44_1,Moskva
2698,RUS,RUS_45_1,Murmansk
2699,RUS,RUS_46_1,Nenets
2700,RUS,RUS_47_1,Nizhegorod
2701,RUS,RUS_48_1,North Ossetia
2702,RUS,RUS_49_1,Novgorod
2703,RUS,RUS_50_1,Novosibirsk
2704,RUS,RUS_51_1,Omsk
2705,RUS,RUS_52_1,Orel
2706,RUS,RUS_53_1,Orenburg
2707,RUS,RUS_54_1,Penza
2708,RUS,RUS_55_1,Perm'
2709,RUS,RUS_56_1,Primor'ye
2710,RUS,RUS_57_1,Pskov
2711,RUS,RUS_58_1,Rostov
2712,RUS,RUS_59_1,Ryazan'
2713,RUS,RUS_60_1,Sakha
2714,RUS,RUS_61_1,Sakhalin
2715,RUS,RUS_62_1,Samara
2716,RUS,RUS_63_1,Saratov
2717,RUS,RUS_64_1,Smolensk
2718,RUS,RUS_65_1,Stavropol'
2719,RUS,RUS_66_1,Sverdlovsk
2720,RUS,RUS_67_1,Tambov
2721,RUS,RUS_68_1,Tatarstan
2722,RUS,RUS_69_1,Tomsk
2723,RUS,RUS_70_1,Tula
2724,RUS,RUS_71_1,Tuva
2725,RUS,RUS_72_1,Tver'
2726,RUS,RUS_73_1,Tyumen'
2727,RUS,RUS_74_1,Udmurt
2728,RUS,RUS_75_1,Ul'yanovsk
2729,RUS,RUS_76_1,Vladimir
2730,RUS,RUS_77_1,Volgograd
2731,RUS,RUS_78_1,Vologda
2732,RUS,RUS_79_1,Voronezh
2733,RUS,RUS_80_1,Yamal-Nenets
2734,RUS,RUS_81_1,Yaroslavl'
2735,RUS,RUS_82_1,Yevrey
2736,RUS,RUS_83_1,Zabaykal'ye
2737,RWA,RWA_1_1,Amajyaruguru
2738,RWA,RWA_2_1,Amajyepfo
2739,RWA,RWA_3_1,Iburasirazuba
2740,RWA,RWA_4_1,Iburengerazuba
2741,RWA,RWA_5_1,Umujyi wa Kigali
2742,SAU,SAU_1_1,'Asir
2743,SAU,SAU_2_1,Al Bahah
2744,SAU,SAU_3_1,Al Hudud ash Shamaliyah
2745,SAU,SAU_4_1,Al Jawf
2746,SAU,SAU_5_1,Al Madinah
2747,SAU,SAU_6_1,Al Qassim
2748,SAU,SAU_7_1,Ar Riyad
2749,SAU,SAU_8_1,Ash-Sharqīyah
2750,SAU,SAU_9_1,Ḥaʼil
2751,SAU,SAU_10_1,Jizan
2752,SAU,SAU_11_1,Makkah
2753,SAU,SAU_12_1,Najran
2754,SAU,SAU_13_1,Tabuk
2755,SDN,SDN_1_1,Al Jazirah
2756,SDN,SDN_2_1,Al Qadarif
2757,SDN,SDN_3_1,Blue Nile
2758,SDN,SDN_4_1,Central Darfur
2759,SDN,SDN_5_1,East Darfur
2760,SDN,SDN_6_1,Kassala
2761,SDN,SDN_7_1,Khartoum
2762,SDN,SDN_8_1,North Darfur
2763,SDN,SDN_9_1,North Kurdufan
2764,SDN,SDN_10_1,Northern
2765,SDN,SDN_11_1,Red Sea
2766,SDN,SDN_12_1,River Nile
2767,SDN,SDN_13_1,Sennar
2768,SDN,SDN_14_1,South Darfur
2769,SDN,SDN_15_1,South Kurdufan
2770,SDN,SDN_16_1,West Darfur
2771,SDN,SDN_17_1,West Kurdufan
2772,SDN,SDN_18_1,White Nile
2773,SEN,SEN_1_1,Dakar
2774,SEN,SEN_2_1,Diourbel
2775,SEN,SEN_3_1,Fatick
2776,SEN,SEN_4_1,Kaffrine
2777,SEN,SEN_5_1,Kaolack
2778,SEN,SEN_6_1,Kédougou
2779,SEN,SEN_7_1,Kolda
2780,SEN,SEN_8_1,Louga
2781,SEN,SEN_9_1,Matam
2782,SEN,SEN_10_1,Saint-Louis
2783,SEN,SEN_11_1,Sédhiou
2784,SEN,SEN_12_1,Tambacounda
2785,SEN,SEN_13_1,Thiès
2786,SEN,SEN_14_1,Ziguinchor
2787,SGP,SGP_1_1,Central
2788,SGP,SGP_2_1,East
2789,SGP,SGP_3_1,North
2790,SGP,SGP_4_1,North-East
2791,SGP,SGP_5_1,West
2792,SHN,SHN_1_1,Ascension
2793,SHN,SHN_2_1,Saint Helena
2794,SHN,SHN_3_1,Tristan da Cunha
2795,SJM,SJM_1_1,Jan Mayen
2796,SJM,SJM_2_1,Svalbard
2797,SLB,SLB_1_1,Central
2798,SLB,SLB_2_1,Choiseul
2799,SLB,SLB_3_1,Guadalcanal
2800,SLB,SLB_4_1,Honiara
2801,SLB,SLB_5_1,Isabel
2802,SLB,SLB_6_1,Makira Ulawa
2803,SLB,SLB_7_1,Malaita
2804,SLB,SLB_8_1,Rennell and Bellona
2805,SLB,SLB_9_1,Temotu
2806,SLB,SLB_10_1,Western
2807,SLE,SLE_1_1,Eastern
2808,SLE,SLE_2_1,Northern
2809,SLE,SLE_3_1,Southern
2810,SLE,SLE_4_1,Western
2811,SLV,SLV_1_1,Ahuachapán
2812,SLV,SLV_2_1,Cabañas
2813,SLV,SLV_3_1,Chalatenango
2814,SLV,SLV_4_1,Cuscatlán
2815,SLV,SLV_5_1,La Libertad
2816,SLV,SLV_6_1,La Paz
2817,SLV,SLV_7_1,La Unión
2818,SLV,SLV_8_1,Morazán
2819,SLV,SLV_9_1,San Miguel
2820,SLV,SLV_10_1,San Salvador
2821,SLV,SLV_11_1,San Vicente
2822,SLV,SLV_12_1,Santa Ana
2823,SLV,SLV_13_1,Sonsonate
2824,SLV,SLV_14_1,Usulután
2825,SMR,SMR_1_1,Acquaviva
2826,SMR,SMR_2_1,Borgo Maggiore
2827,SMR,SMR_3_1,Chiesanuova
2828,SMR,SMR_4_1,Domagnano
2829,SMR,SMR_5_1,Faetano
2830,SMR,SMR_6_1,Fiorentino
2831,SMR,SMR_7_1,Montegiardino
2832,SMR,SMR_8_1,San Marino
2833,SMR,SMR_9_1,Serravalle
2834,SOM,SOM_1_1,Awdal
2835,SOM,SOM_2_1,Bakool
2836,SOM,SOM_3_1,Banaadir
2837,SOM,SOM_4_1,Bari
2838,SOM,SOM_5_1,Bay
2839,SOM,SOM_6_1,Galguduud
2840,SOM,SOM_7_1,Gedo
2841,SOM,SOM_8_1,Hiiraan
2842,SOM,SOM_9_1,Jubbada Dhexe
2843,SOM,SOM_10_1,Jubbada Hoose
2844,SOM,SOM_11_1,Mudug
2845,SOM,SOM_12_1,Nugaal
2846,SOM,SOM_13_1,Sanaag
2847,SOM,SOM_14_1,Shabeellaha Dhexe
2848,SOM,SOM_15_1,Shabeellaha Hoose
2849,SOM,SOM_16_1,Sool
2850,SOM,SOM_17_1,Togdheer
2851,SOM,SOM_18_1,Woqooyi Galbeed
2852,SPM,SPM_1_1,Miquelon-Langlade
2853,SPM,SPM_2_1,Saint-Pierre
2854,SRB,SRB_1_1,Borski
2855,SRB,SRB_2_1,Braničevski
2856,SRB,SRB_3_1,Grad Beograd
2857,SRB,SRB_4_1,Jablanički
2858,SRB,SRB_5_1,Južno-Bački
2859,SRB,SRB_6_1,Južno-Banatski
2860,SRB,SRB_7_1,Kolubarski
2861,SRB,SRB_8_1,Mačvanski
2862,SRB,SRB_9_1,Moravički
2863,SRB,SRB_10_1,Nišavski
2864,SRB,SRB_11_1,Pčinjski
2865,SRB,SRB_12_1,Pirotski
2866,SRB,SRB_13_1,Podunavski
2867,SRB,SRB_14_1,Pomoravski
2868,SRB,SRB_15_1,Rasinski
2869,SRB,SRB_16_1,Raški
2870,SRB,SRB_17_1,Severno-Bački
2871,SRB,SRB_18_1,Severno-Banatski
2872,SRB,SRB_19_1,Srednje-Banatski
2873,SRB,SRB_20_1,Sremski
2874,SRB,SRB_21_1,Šumadijski
2875,SRB,SRB_22_1,Toplički
2876,SRB,SRB_23_1,Zaječarski
2877,SRB,SRB_24_1,Zapadno-Bački
2878,SRB,SRB_25_1,Zlatiborski
2879,SSD,SSD_1_1,Central Equatoria
2880,SSD,SSD_2_1,Eastern Equatoria
2881,SSD,SSD_3_1,Jungoli
2882,SSD,SSD_4_1,Lakes
2883,SSD,SSD_5_1,North Bahr-al-Ghazal
2884,SSD,SSD_6_1,Unity
2885,SSD,SSD_7_1,Upper Nile
2886,SSD,SSD_8_1,Warap
2887,SSD,SSD_9_1,West Bahr-al-Ghazal
2888,SSD,SSD_10_1,West Equatoria
2889,STP,STP_1_1,Príncipe
2890,STP,STP_2_1,São Tomé
2891,SUR,SUR_1_1,Brokopondo
2892,SUR,SUR_2_1,Commewijne
2893,SUR,SUR_3_1,Coronie
2894,SUR,SUR_4_1,Marowijne
2895,SUR,SUR_5_1,Nickerie
2896,SUR,SUR_6_1,Para
2897,SUR,SUR_7_1,Paramaribo
2898,SUR,SUR_8_1,Saramacca
2899,SUR,SUR_9_1,Sipaliwini
2900,SUR,SUR_10_1,Wanica
2901,SVK,SVK_1_1,Banskobystrický
2902,SVK,SVK_2_1,Bratislavský
2903,SVK,SVK_3_1,Košický
2904,SVK,SVK_4_1,Nitriansky
2905,SVK,SVK_5_1,Prešovský
2906,SVK,SVK_6_1,Trenčiansky
2907,SVK,SVK_7_1,Trnavský
2908,SVK,SVK_8_1,Žilinský
2909,SVN,SVN_1_1,Gorenjska
2910,SVN,SVN_2_1,Goriška
2911,SVN,SVN_3_1,Jugovzhodna Slovenija
2912,SVN,SVN_4_1,Koroška
2913,SVN,SVN_5_1,Notranjsko-kraška
2914,SVN,SVN_6_1,Obalno-kraška
2915,SVN,SVN_7_1,Osrednjeslovenska
2916,SVN,SVN_8_1,Podravska
2917,SVN,SVN_9_1,Pomurska
2918,SVN,SVN_10_1,Savinjska
2919,SVN,SVN_11_1,Spodnjeposavska
2920,SVN,SVN_12_1,Zasavska
2921,SWE,SWE_1_1,Blekinge
2922,SWE,SWE_2_1,Dalarna
2923,SWE,SWE_3_1,Gävleborg
2924,SWE,SWE_4_1,Gotland
2925,SWE,SWE_5_1,Halland
2926,SWE,SWE_6_1,Jämtland
2927,SWE,SWE_7_1,Jönköping
2928,SWE,SWE_8_1,Kalmar
2929,SWE,SWE_9_1,Kronoberg
2930,SWE,SWE_10_1,Norrbotten
2931,SWE,SWE_11_1,Orebro
2932,SWE,SWE_12_1,Östergötland
2933,SWE,SWE_13_1,Skåne
2934,SWE,SWE_14_1,Södermanland
2935,SWE,SWE_15_1,Stockholm
2936,SWE,SWE_16_1,Uppsala
2937,SWE,SWE_17_1,Värmland
2938,SWE,SWE_18_1,Västerbotten
2939,SWE,SWE_19_1,Västernorrland
2940,SWE,SWE_20_1,Västmanland
2941,SWE,SWE_21_1,Västra Götaland
2942,SWZ,SWZ_1_1,Hhohho
2943,SWZ,SWZ_2_1,Lubombo
2944,SWZ,SWZ_3_1,Manzini
2945,SWZ,SWZ_4_1,Shiselweni
2946,SYC,SYC_1_1,Anse aux Pins
2947,SYC,SYC_2_1,Anse Boileau
2948,SYC,SYC_3_1,Anse Étoile
2949,SYC,SYC_4_1,Anse Royale
2950,SYC,SYC_5_1,Au Cap
2951,SYC,SYC_6_1,Baie Lazare
2952,SYC,SYC_7_1,Baie Sainte Anne
2953,SYC,SYC_8_1,Beau Vallon
2954,SYC,SYC_9_1,Bel Air
2955,SYC,SYC_10_1,Belombre
2956,SYC,SYC_11_1,Cascade
2957,SYC,SYC_12_1,English River
2958,SYC,SYC_13_1,Glacis
2959,SYC,SYC_14_1,Grand' Anse
2960,SYC,SYC_15_1,Grand'Anse Praslin
2961,SYC,SYC_16_1,La Digue and Inner Islands
2962,SYC,SYC_17_1,Les Mamelles
2963,SYC,SYC_18_1,Mont Buxton
2964,SYC,SYC_19_1,Mont Fleuri
2965,SYC,SYC_20_1,Outer Islands
2966,SYC,SYC_21_1,Plaisance
2967,SYC,SYC_22_1,Pointe La Rue
2968,SYC,SYC_23_1,Port Glaud
2969,SYC,SYC_24_1,Roche Caïman
2970,SYC,SYC_25_1,Saint Louis
2971,SYC,SYC_26_1,Takamaka
2972,SYR,SYR_1_1,Al Ḥasakah
2973,SYR,SYR_2_1,Aleppo
2974,SYR,SYR_3_1,Ar Raqqah
2975,SYR,SYR_4_1,As Suwayda'
2976,SYR,SYR_5_1,Damascus
2977,SYR,SYR_6_1,Dar`a
2978,SYR,SYR_7_1,Dayr Az Zawr
2979,SYR,SYR_8_1,Hamah
2980,SYR,SYR_9_1,Hims
2981,SYR,SYR_10_1,Idlib
2982,SYR,SYR_11_1,Lattakia
2983,SYR,SYR_12_1,Quneitra
2984,SYR,SYR_13_1,Rif Dimashq
2985,SYR,SYR_14_1,Tartus
2986,TCA,TCA_1_1,Grand Turk
2987,TCA,TCA_2_1,Middle Caicos
2988,TCA,TCA_3_1,North Caicos
2989,TCA,TCA_4_1,Providenciales and West Caicos
2990,TCA,TCA_5_1,Salt Cay
2991,TCA,TCA_6_1,South Caicos and East Caicos
2992,TCD,TCD_1_1,Barh el Ghazel
2993,TCD,TCD_2_1,Batha
2994,TCD,TCD_3_1,Borkou
2995,TCD,TCD_4_1,Chari-Baguirmi
2996,TCD,TCD_5_1,Ennedi Est
2997,TCD,TCD_6_1,Ennedi Ouest
2998,TCD,TCD_7_1,Guéra
2999,TCD,TCD_8_1,Hadjer-Lamis
3000,TCD,TCD_9_1,Kanem
3001,TCD,TCD_10_1,Lac
3002,TCD,TCD_11_1,Logone Occidental
3003,TCD,TCD_12_1,Logone Oriental
3004,TCD,TCD_13_1,Mandoul
3005,TCD,TCD_14_1,Mayo-Kebbi Est
3006,TCD,TCD_15_1,Mayo-Kebbi Ouest
3007,TCD,TCD_16_1,Moyen-Chari
3008,TCD,TCD_17_1,Ouaddaï
3009,TCD,TCD_18_1,Salamat
3010,TCD,TCD_19_1,Sila
3011,TCD,TCD_20_1,Tandjilé
3012,TCD,TCD_21_1,Tibesti
3013,TCD,TCD_22_1,Ville de N'Djamena
3014,TCD,TCD_23_1,Wadi Fira
3015,TGO,TGO_1_1,Centre
3016,TGO,TGO_2_1,Kara
3017,TGO,TGO_3_1,Maritime
3018,TGO,TGO_4_1,Plateaux
3019,TGO,TGO_5_1,Savanes
3020,THA,THA_1_1,Amnat Charoen
3021,THA,THA_2_1,Ang Thong
3022,THA,THA_3_1,Bangkok Metropolis
3023,THA,THA_4_1,Bueng Kan
3024,THA,THA_5_1,Buri Ram
3025,THA,THA_6_1,Chachoengsao
3026,THA,THA_7_1,Chai Nat
3027,THA,THA_8_1,Chaiyaphum
3028,THA,THA_9_1,Chanthaburi
3029,THA,THA_10_1,Chiang Mai
3030,THA,THA_11_1,Chiang Rai
3031,THA,THA_12_1,Chon Buri
3032,THA,THA_13_1,Chumphon
3033,THA,THA_14_1,Kalasin
3034,THA,THA_15_1,Kamphaeng Phet
3035,THA,THA_16_1,Kanchanaburi
3036,THA,THA_17_1,Khon Kaen
3037,THA,THA_18_1,Krabi
3038,THA,THA_19_1,Lampang
3039,THA,THA_20_1,Lamphun
3040,THA,THA_21_1,Loei
3041,THA,THA_22_1,Lop Buri
3042,THA,THA_23_1,Mae Hong Son
3043,THA,THA_24_1,Maha Sarakham
3044,THA,THA_25_1,Mukdahan
3045,THA,THA_26_1,Nakhon Nayok
3046,THA,THA_27_1,Nakhon Pathom
3047,THA,THA_28_1,Nakhon Phanom
3048,THA,THA_29_1,Nakhon Ratchasima
3049,THA,THA_30_1,Nakhon Sawan
3050,THA,THA_31_1,Nakhon Si Thammarat
3051,THA,THA_32_1,Nan
3052,THA,THA_33_1,Narathiwat
3053,THA,THA_34_1,Nong Bua Lam Phu
3054,THA,THA_35_1,Nong Khai
3055,THA,THA_36_1,Nonthaburi
3056,THA,THA_37_1,Pathum Thani
3057,THA,THA_38_1,Pattani
3058,THA,THA_39_1,Phangnga
3059,THA,THA_40_1,Phatthalung
3060,THA,THA_41_1,Phayao
3061,THA,THA_42_1,Phetchabun
3062,THA,THA_43_1,Phetchaburi
3063,THA,THA_44_1,Phichit
3064,THA,THA_45_1,Phitsanulok
3065,THA,THA_46_1,Phra Nakhon Si Ayutthaya
3066,THA,THA_47_1,Phrae
3067,THA,THA_48_1,Phuket
3068,THA,THA_49_1,Prachin Buri
3069,THA,THA_50_1,Prachuap Khiri Khan
3070,THA,THA_51_1,Ranong
3071,THA,THA_52_1,Ratchaburi
3072,THA,THA_53_1,Rayong
3073,THA,THA_54_1,Roi Et
3074,THA,THA_55_1,Sa Kaeo
3075,THA,THA_56_1,Sakon Nakhon
3076,THA,THA_57_1,Samut Prakan
3077,THA,THA_58_1,Samut Sakhon
3078,THA,THA_59_1,Samut Songkhram
3079,THA,THA_60_1,Saraburi
3080,THA,THA_61_1,Satun
3081,THA,THA_62_1,Si Sa Ket
3082,THA,THA_63_1,Sing Buri
3083,THA,THA_64_1,Songkhla
3084,THA,THA_65_1,Sukhothai
3085,THA,THA_66_1,Suphan Buri
3086,THA,THA_67_1,Surat Thani
3087,THA,THA_68_1,Surin
3088,THA,THA_69_1,Tak
3089,THA,THA_70_1,Trang
3090,THA,THA_71_1,Trat
3091,THA,THA_72_1,Ubon Ratchathani
3092,THA,THA_73_1,Udon Thani
3093,THA,THA_74_1,Uthai Thani
3094,THA,THA_75_1,Uttaradit
3095,THA,THA_76_1,Yala
3096,THA,THA_77_1,Yasothon
3097,TJK,TJK_5_1,Districts of Republican Subordin
3098,TJK,TJK_1_1,Dushanbe
3099,TJK,TJK_2_1,Gorno-Badakhshan
3100,TJK,TJK_3_1,Khatlon
3101,TJK,TJK_4_1,Sughd
3102,TKL,TKL_1_1,Anafu
3103,TKL,TKL_2_1,Fakaofo
3104,TKL,TKL_3_1,Nukunonu
3105,TKM,TKM_1_1,Ahal
3106,TKM,TKM_2_1,Aşgabat
3107,TKM,TKM_3_1,Balkan
3108,TKM,TKM_6_1,Daşoguz
3109,TKM,TKM_4_1,Lebap
3110,TKM,TKM_5_1,Mary
3111,TLS,TLS_1_1,Aileu
3112,TLS,TLS_2_1,Ainaro
3113,TLS,TLS_3_1,Ambeno
3114,TLS,TLS_4_1,Baucau
3115,TLS,TLS_5_1,Bobonaro
3116,TLS,TLS_6_1,Covalima
3117,TLS,TLS_7_1,Dili
3118,TLS,TLS_8_1,Ermera
3119,TLS,TLS_9_1,Lautém
3120,TLS,TLS_10_1,Liquiçá
3121,TLS,TLS_11_1,Manatuto
3122,TLS,TLS_12_1,Manufahi
3123,TLS,TLS_13_1,Viqueque
3124,TON,TON_1_1,'Eua
3125,TON,TON_2_1,Ha'apai
3126,TON,TON_3_1,Niuas
3127,TON,TON_4_1,Tongatapu
3128,TON,TON_5_1,Vava'u
3129,TTO,TTO_1_1,Arima
3130,TTO,TTO_2_1,Chaguanas
3131,TTO,TTO_3_1,Couva-Tabaquite-Talparo
3132,TTO,TTO_4_1,Diego Martin
3133,TTO,TTO_5_1,Mayaro/Rio Claro
3134,TTO,TTO_6_1,Penal-Debe
3135,TTO,TTO_7_1,Point Fortin
3136,TTO,TTO_8_1,Port of Spain
3137,TTO,TTO_9_1,Princes Town
3138,TTO,TTO_10_1,San Fernando
3139,TTO,TTO_11_1,San Juan-Laventille
3140,TTO,TTO_12_1,Sangre Grande
3141,TTO,TTO_13_1,Siparia
3142,TTO,TTO_14_1,Tobago
3143,TTO,TTO_15_1,Tunapuna/Piarco
3144,TUN,TUN_1_1,Ariana
3145,TUN,TUN_2_1,Béja
3146,TUN,TUN_3_1,Ben Arous (Tunis Sud)
3147,TUN,TUN_4_1,Bizerte
3148,TUN,TUN_5_1,Gabès
3149,TUN,TUN_6_1,Gafsa
3150,TUN,TUN_7_1,Jendouba
3151,TUN,TUN_8_1,Kairouan
3152,TUN,TUN_9_1,Kassérine
3153,TUN,TUN_10_1,Kebili
3154,TUN,TUN_11_1,Le Kef
3155,TUN,TUN_12_1,Mahdia
3156,TUN,TUN_13_1,Manubah
3157,TUN,TUN_14_1,Médenine
3158,TUN,TUN_15_1,Monastir
3159,TUN,TUN_16_1,Nabeul
3160,TUN,TUN_17_1,Sfax
3161,TUN,TUN_18_1,Sidi Bou Zid
3162,TUN,TUN_19_1,Siliana
3163,TUN,TUN_20_1,Sousse
3164,TUN,TUN_21_1,Tataouine
3165,TUN,TUN_22_1,Tozeur
3166,TUN,TUN_23_1,Tunis
3167,TUN,TUN_24_1,Zaghouan
3168,TUR,TUR_1_1,Adana
3169,TUR,TUR_2_1,Adiyaman
3170,TUR,TUR_3_1,Afyon
3171,TUR,TUR_4_1,Agri
3172,TUR,TUR_5_1,Aksaray
3173,TUR,TUR_6_1,Amasya
3174,TUR,TUR_7_1,Ankara
3175,TUR,TUR_8_1,Antalya
3176,TUR,TUR_9_1,Ardahan
3177,TUR,TUR_10_1,Artvin
3178,TUR,TUR_11_1,Aydin
3179,TUR,TUR_12_1,Balikesir
3180,TUR,TUR_13_1,Bartın
3181,TUR,TUR_14_1,Batman
3182,TUR,TUR_15_1,Bayburt
3183,TUR,TUR_16_1,Bilecik
3184,TUR,TUR_17_1,Bingöl
3185,TUR,TUR_18_1,Bitlis
3186,TUR,TUR_19_1,Bolu
3187,TUR,TUR_20_1,Burdur
3188,TUR,TUR_21_1,Bursa
3189,TUR,TUR_22_1,Çanakkale
3190,TUR,TUR_23_1,Çankiri
3191,TUR,TUR_24_1,Çorum
3192,TUR,TUR_25_1,Denizli
3193,TUR,TUR_26_1,Diyarbakir
3194,TUR,TUR_27_1,Düzce
3195,TUR,TUR_28_1,Edirne
3196,TUR,TUR_29_1,Elazığ
3197,TUR,TUR_30_1,Erzincan
3198,TUR,TUR_31_1,Erzurum
3199,TUR,TUR_32_1,Eskisehir
3200,TUR,TUR_33_1,Gaziantep
3201,TUR,TUR_34_1,Giresun
3202,TUR,TUR_35_1,Gümüshane
3203,TUR,TUR_36_1,Hakkari
3204,TUR,TUR_37_1,Hatay
3205,TUR,TUR_38_1,Iğdır
3206,TUR,TUR_39_1,Isparta
3207,TUR,TUR_40_1,Istanbul
3208,TUR,TUR_41_1,Izmir
3209,TUR,TUR_42_1,K. Maras
3210,TUR,TUR_43_1,Karabük
3211,TUR,TUR_44_1,Karaman
3212,TUR,TUR_45_1,Kars
3213,TUR,TUR_46_1,Kastamonu
3214,TUR,TUR_47_1,Kayseri
3215,TUR,TUR_48_1,Kilis
3216,TUR,TUR_49_1,Kinkkale
3217,TUR,TUR_50_1,Kirklareli
3218,TUR,TUR_51_1,Kirsehir
3219,TUR,TUR_52_1,Kocaeli
3220,TUR,TUR_53_1,Konya
3221,TUR,TUR_54_1,Kütahya
3222,TUR,TUR_55_1,Malatya
3223,TUR,TUR_56_1,Manisa
3224,TUR,TUR_57_1,Mardin
3225,TUR,TUR_58_1,Mersin
3226,TUR,TUR_59_1,Mugla
3227,TUR,TUR_60_1,Mus
3228,TUR,TUR_61_1,Nevsehir
3229,TUR,TUR_62_1,Nigde
3230,TUR,TUR_63_1,Ordu
3231,TUR,TUR_64_1,Osmaniye
3232,TUR,TUR_65_1,Rize
3233,TUR,TUR_66_1,Sakarya
3234,TUR,TUR_67_1,Samsun
3235,TUR,TUR_68_1,Sanliurfa
3236,TUR,TUR_69_1,Siirt
3237,TUR,TUR_70_1,Sinop
3238,TUR,TUR_71_1,Sirnak
3239,TUR,TUR_72_1,Sivas
3240,TUR,TUR_73_1,Tekirdag
3241,TUR,TUR_74_1,Tokat
3242,TUR,TUR_75_1,Trabzon
3243,TUR,TUR_76_1,Tunceli
3244,TUR,TUR_77_1,Usak
3245,TUR,TUR_78_1,Van
3246,TUR,TUR_79_1,Yalova
3247,TUR,TUR_80_1,Yozgat
3248,TUR,TUR_81_1,Zinguldak
3249,TUV,TUV_1_1,Funafuti
3250,TUV,TUV_2_1,Nanumanga
3251,TUV,TUV_3_1,Nanumea
3252,TUV,TUV_4_1,Niulakita
3253,TUV,TUV_5_1,Niutao
3254,TUV,TUV_6_1,Nui
3255,TUV,TUV_7_1,Nukufetau
3256,TUV,TUV_8_1,Nukulaelae
3257,TUV,TUV_9_1,Vaitupu
3258,TWN,TWN_1_1,Fujian
3259,TWN,TWN_2_1,Kaohsiung
3260,TWN,TWN_3_1,New Taipei
3261,TWN,TWN_4_1,Taichung
3262,TWN,TWN_5_1,Tainan
3263,TWN,TWN_6_1,Taipei
3264,TWN,TWN_7_1,Taiwan
3265,TZA,TZA_1_1,Arusha
3266,TZA,TZA_2_1,Dar es Salaam
3267,TZA,TZA_3_1,Dodoma
3268,TZA,TZA_4_1,Geita
3269,TZA,TZA_5_1,Iringa
3270,TZA,TZA_6_1,Kagera
3271,TZA,TZA_18_1,Kaskazini Pemba
3272,TZA,TZA_28_1,Kaskazini Unguja
3273,TZA,TZA_7_1,Katavi
3274,TZA,TZA_8_1,Kigoma
3275,TZA,TZA_9_1,Kilimanjaro
3276,TZA,TZA_19_1,Kusini Pemba
3277,TZA,TZA_29_1,Kusini Unguja
3278,TZA,TZA_10_1,Lindi
3279,TZA,TZA_11_1,Manyara
3280,TZA,TZA_12_1,Mara
3281,TZA,TZA_13_1,Mbeya
3282,TZA,TZA_30_1,Mjini Magharibi
3283,TZA,TZA_14_1,Morogoro
3284,TZA,TZA_15_1,Mtwara
3285,TZA,TZA_16_1,Mwanza
3286,TZA,TZA_17_1,Njombe
3287,TZA,TZA_20_1,Pwani
3288,TZA,TZA_21_1,Rukwa
3289,TZA,TZA_22_1,Ruvuma
3290,TZA,TZA_23_1,Shinyanga
3291,TZA,TZA_24_1,Simiyu
3292,TZA,TZA_25_1,Singida
3293,TZA,TZA_31_1,Songwe
3294,TZA,TZA_26_1,Tabora
3295,TZA,TZA_27_1,Tanga
3296,UGA,UGA_1_1,Adjumani
3297,UGA,UGA_2_1,Apac
3298,UGA,UGA_3_1,Arua
3299,UGA,UGA_4_1,Bugiri
3300,UGA,UGA_5_1,Bundibugyo
3301,UGA,UGA_6_1,Bushenyi
3302,UGA,UGA_7_1,Busia
3303,UGA,UGA_8_1,Gulu
3304,UGA,UGA_9_1,Hoima
3305,UGA,UGA_10_1,Iganga
3306,UGA,UGA_11_1,Jinja
3307,UGA,UGA_12_1,Kabale
3308,UGA,UGA_13_1,Kabarole
3309,UGA,UGA_14_1,Kaberamaido
3310,UGA,UGA_15_1,Kalangala
3311,UGA,UGA_16_1,Kampala
3312,UGA,UGA_17_1,Kamuli
3313,UGA,UGA_18_1,Kamwenge
3314,UGA,UGA_19_1,Kanungu
3315,UGA,UGA_20_1,Kapchorwa
3316,UGA,UGA_21_1,Kasese
3317,UGA,UGA_22_1,Katakwi
3318,UGA,UGA_23_1,Kayunga
3319,UGA,UGA_24_1,Kibale
3320,UGA,UGA_25_1,Kiboga
3321,UGA,UGA_26_1,Kisoro
3322,UGA,UGA_27_1,Kitgum
3323,UGA,UGA_28_1,Kotido
3324,UGA,UGA_29_1,Kumi
3325,UGA,UGA_30_1,Kyenjojo
3326,UGA,UGA_31_1,Lake Albert
3327,UGA,UGA_32_1,Lake Victoria
3328,UGA,UGA_33_1,Lira
3329,UGA,UGA_34_1,Luwero
3330,UGA,UGA_35_1,Masaka
3331,UGA,UGA_36_1,Masindi
3332,UGA,UGA_37_1,Mayuge
3333,UGA,UGA_38_1,Mbale
3334,UGA,UGA_39_1,Mbarara
3335,UGA,UGA_40_1,Moroto
3336,UGA,UGA_41_1,Moyo
3337,UGA,UGA_42_1,Mpigi
3338,UGA,UGA_43_1,Mubende
3339,UGA,UGA_44_1,Mukono
3340,UGA,UGA_45_1,Nakapiripirit
3341,UGA,UGA_46_1,Nakasongola
3342,UGA,UGA_47_1,Nebbi
3343,UGA,UGA_48_1,Ntungamo
3344,UGA,UGA_49_1,Pader
3345,UGA,UGA_50_1,Pallisa
3346,UGA,UGA_51_1,Rakai
3347,UGA,UGA_52_1,Rukungiri
3348,UGA,UGA_53_1,Sembabule
3349,UGA,UGA_54_1,Sironko
3350,UGA,UGA_55_1,Soroti
3351,UGA,UGA_56_1,Tororo
3352,UGA,UGA_57_1,Wakiso
3353,UGA,UGA_58_1,Yumbe
3354,UKR,UKR_1_1,Cherkasy
3355,UKR,UKR_2_1,Chernihiv
3356,UKR,UKR_3_1,Chernivtsi
3357,UKR,UKR_4_1,Crimea
3358,UKR,UKR_5_1,Dnipropetrovs'k
3359,UKR,UKR_6_1,Donets'k
3360,UKR,UKR_7_1,Ivano-Frankivs'k
3361,UKR,UKR_8_1,Kharkiv
3362,UKR,UKR_9_1,Kherson
3363,UKR,UKR_10_1,Khmel'nyts'kyy
3364,UKR,UKR_12_1,Kiev
3365,UKR,UKR_11_1,Kiev City
3366,UKR,UKR_13_1,Kirovohrad
3367,UKR,UKR_14_1,L'viv
3368,UKR,UKR_15_1,Luhans'k
3369,UKR,UKR_16_1,Mykolayiv
3370,UKR,UKR_17_1,Odessa
3371,UKR,UKR_18_1,Poltava
3372,UKR,UKR_19_1,Rivne
3373,UKR,UKR_20_1,Sevastopol'
3374,UKR,UKR_21_1,Sumy
3375,UKR,UKR_22_1,Ternopil'
3376,UKR,UKR_24_1,Vinnytsya
3377,UKR,UKR_25_1,Volyn
3378,UKR,UKR_23_1,Zakarpattia
3379,UKR,UKR_26_1,Zaporizhia
3380,UKR,UKR_27_1,Zhytomyr
3381,UMI,UMI_1_1,Baker
3382,UMI,UMI_2_1,Howland
3383,UMI,UMI_3_1,Jarvis island
3384,UMI,UMI_4_1,Johnston
3385,UMI,UMI_5_1,Kingman Reef
3386,UMI,UMI_6_1,Midway
3387,UMI,UMI_7_1,Navassa
3388,UMI,UMI_8_1,Palmyra
3389,UMI,UMI_9_1,Wake
3390,URY,URY_1_2,Artigas
3391,URY,URY_2_2,Canelones
3392,URY,URY_3_2,Cerro Largo
3393,URY,URY_4_2,Colonia
3394,URY,URY_5_2,Durazno
3395,URY,URY_6_2,Flores
3396,URY,URY_7_2,Florida
3397,URY,URY_8_2,Lavalleja
3398,URY,URY_9_2,Maldonado
3399,URY,URY_10_2,Montevideo
3400,URY,URY_11_2,Paysandú
3401,URY,URY_12_2,Río Negro
3402,URY,URY_13_2,Rivera
3403,URY,URY_14_2,Rocha
3404,URY,URY_15_2,Salto
3405,URY,URY_16_2,San José
3406,URY,URY_17_2,Soriano
3407,URY,URY_18_2,Tacuarembó
3408,URY,URY_19_2,Treinta y Tres
3409,USA,USA_1_1,Alabama
3410,USA,USA_2_1,Alaska
3411,USA,USA_3_1,Arizona
3412,USA,USA_4_1,Arkansas
3413,USA,USA_5_1,California
3414,USA,USA_6_1,Colorado
3415,USA,USA_7_1,Connecticut
3416,USA,USA_8_1,Delaware
3417,USA,USA_9_1,District of Columbia
3418,USA,USA_10_1,Florida
3419,USA,USA_11_1,Georgia
3420,USA,USA_12_1,Hawaii
3421,USA,USA_13_1,Idaho
3422,USA,USA_14_1,Illinois
3423,USA,USA_15_1,Indiana
3424,USA,USA_16_1,Iowa
3425,USA,USA_17_1,Kansas
3426,USA,USA_18_1,Kentucky
3427,USA,USA_19_1,Louisiana
3428,USA,USA_20_1,Maine
3429,USA,USA_21_1,Maryland
3430,USA,USA_22_1,Massachusetts
3431,USA,USA_23_1,Michigan
3432,USA,USA_24_1,Minnesota
3433,USA,USA_25_1,Mississippi
3434,USA,USA_26_1,Missouri
3435,USA,USA_27_1,Montana
3436,USA,USA_28_1,Nebraska
3437,USA,USA_29_1,Nevada
3438,USA,USA_30_1,New Hampshire
3439,USA,USA_31_1,New Jersey
3440,USA,USA_32_1,New Mexico
3441,USA,USA_33_1,New York
3442,USA,USA_34_1,North Carolina
3443,USA,USA_35_1,North Dakota
3444,USA,USA_36_1,Ohio
3445,USA,USA_37_1,Oklahoma
3446,USA,USA_38_1,Oregon
3447,USA,USA_39_1,Pennsylvania
3448,USA,USA_40_1,Rhode Island
3449,USA,USA_41_1,South Carolina
3450,USA,USA_42_1,South Dakota
3451,USA,USA_43_1,Tennessee
3452,USA,USA_44_1,Texas
3453,USA,USA_45_1,Utah
3454,USA,USA_46_1,Vermont
3455,USA,USA_47_1,Virginia
3456,USA,USA_48_1,Washington
3457,USA,USA_49_1,West Virginia
3458,USA,USA_50_1,Wisconsin
3459,USA,USA_51_1,Wyoming
3460,UZB,UZB_1_1,Andijon
3461,UZB,UZB_2_1,Buxoro
3462,UZB,UZB_3_1,Farg'ona
3463,UZB,UZB_4_1,Jizzax
3464,UZB,UZB_8_1,Namangan
3465,UZB,UZB_9_1,Navoiy
3466,UZB,UZB_5_1,Qaraqalpaqstan
3467,UZB,UZB_6_1,Qashqadaryo
3468,UZB,UZB_10_1,Samarqand'
3469,UZB,UZB_11_1,Sirdaryo
3470,UZB,UZB_12_1,Surxondaryo
3471,UZB,UZB_14_1,Toshkent
3472,UZB,UZB_13_1,Toshkent Shahri
3473,UZB,UZB_7_1,Xorazm
3474,VCT,VCT_1_1,Charlotte
3475,VCT,VCT_2_1,Grenadines
3476,VCT,VCT_3_1,Saint Andrew
3477,VCT,VCT_4_1,Saint David
3478,VCT,VCT_5_1,Saint George
3479,VCT,VCT_6_1,Saint Patrick
3480,VEN,VEN_1_1,Amazonas
3481,VEN,VEN_2_1,Anzoátegui
3482,VEN,VEN_3_1,Apure
3483,VEN,VEN_4_1,Aragua
3484,VEN,VEN_5_1,Barinas
3485,VEN,VEN_6_1,Bolívar
3486,VEN,VEN_7_1,Carabobo
3487,VEN,VEN_8_1,Cojedes
3488,VEN,VEN_9_1,Delta Amacuro
3489,VEN,VEN_10_1,Dependencias Federales
3490,VEN,VEN_11_1,Distrito Capital
3491,VEN,VEN_12_1,Falcón
3492,VEN,VEN_13_1,Guárico
3493,VEN,VEN_14_1,Lara
3494,VEN,VEN_15_1,Mérida
3495,VEN,VEN_16_1,Miranda
3496,VEN,VEN_17_1,Monagas
3497,VEN,VEN_18_1,Nueva Esparta
3498,VEN,VEN_19_1,Portuguesa
3499,VEN,VEN_20_1,Sucre
3500,VEN,VEN_21_1,Táchira
3501,VEN,VEN_22_1,Trujillo
3502,VEN,VEN_23_1,Vargas
3503,VEN,VEN_24_1,Yaracuy
3504,VEN,VEN_25_1,Zulia
3505,VGB,VGB_1_1,Anegada
3506,VGB,VGB_2_1,Jost Van Dyke
3507,VGB,VGB_3_1,Other Islands
3508,VGB,VGB_4_1,Tortola
3509,VGB,VGB_5_1,Virgin Gorda
3510,VIR,VIR_1_1,Saint Croix
3511,VIR,VIR_2_1,Saint John
3512,VIR,VIR_3_1,Saint Thomas
3513,VNM,VNM_1_1,An Giang
3514,VNM,VNM_7_1,Bà Rịa - Vũng Tàu
3515,VNM,VNM_3_1,Bắc Giang
3516,VNM,VNM_4_1,Bắc Kạn
3517,VNM,VNM_2_1,Bạc Liêu
3518,VNM,VNM_5_1,Bắc Ninh
3519,VNM,VNM_6_1,Bến Tre
3520,VNM,VNM_8_1,Bình Định
3521,VNM,VNM_9_1,Bình Dương
3522,VNM,VNM_10_1,Bình Phước
3523,VNM,VNM_11_1,Bình Thuận
3524,VNM,VNM_13_1,Cà Mau
3525,VNM,VNM_12_1,Cần Thơ
3526,VNM,VNM_14_1,Cao Bằng
3527,VNM,VNM_19_1,Đà Nẵng
3528,VNM,VNM_15_1,Đắk Lắk
3529,VNM,VNM_16_1,Đắk Nông
3530,VNM,VNM_20_1,Điện Biên
3531,VNM,VNM_17_1,Đồng Nai
3532,VNM,VNM_18_1,Đồng Tháp
3533,VNM,VNM_21_1,Gia Lai
3534,VNM,VNM_26_1,Hà Giang
3535,VNM,VNM_28_1,Hà Nam
3536,VNM,VNM_27_1,Hà Nội
3537,VNM,VNM_29_1,Hà Tĩnh
3538,VNM,VNM_22_1,Hải Dương
3539,VNM,VNM_23_1,Hải Phòng
3540,VNM,VNM_24_1,Hậu Giang
3541,VNM,VNM_25_1,Hồ Chí Minh
3542,VNM,VNM_30_1,Hoà Bình
3543,VNM,VNM_31_1,Hưng Yên
3544,VNM,VNM_32_1,Khánh Hòa
3545,VNM,VNM_33_1,Kiên Giang
3546,VNM,VNM_34_1,Kon Tum
3547,VNM,VNM_36_1,Lai Châu
3548,VNM,VNM_37_1,Lâm Đồng
3549,VNM,VNM_35_1,Lạng Sơn
3550,VNM,VNM_38_1,Lào Cai
3551,VNM,VNM_39_1,Long An
3552,VNM,VNM_40_1,Nam Định
3553,VNM,VNM_41_1,Nghệ An
3554,VNM,VNM_42_1,Ninh Bình
3555,VNM,VNM_43_1,Ninh Thuận
3556,VNM,VNM_44_1,Phú Thọ
3557,VNM,VNM_45_1,Phú Yên
3558,VNM,VNM_46_1,Quảng Bình
3559,VNM,VNM_47_1,Quảng Nam
3560,VNM,VNM_48_1,Quảng Ngãi
3561,VNM,VNM_49_1,Quảng Ninh
3562,VNM,VNM_50_1,Quảng Trị
3563,VNM,VNM_51_1,Sóc Trăng
3564,VNM,VNM_52_1,Sơn La
3565,VNM,VNM_53_1,Tây Ninh
3566,VNM,VNM_55_1,Thái Bình
3567,VNM,VNM_56_1,Thái Nguyên
3568,VNM,VNM_57_1,Thanh Hóa
3569,VNM,VNM_54_1,Thừa Thiên Huế
3570,VNM,VNM_58_1,Tiền Giang
3571,VNM,VNM_59_1,Trà Vinh
3572,VNM,VNM_60_1,Tuyên Quang
3573,VNM,VNM_61_1,Vĩnh Long
3574,VNM,VNM_62_1,Vĩnh Phúc
3575,VNM,VNM_63_1,Yên Bái
3576,VUT,VUT_1_1,Malampa
3577,VUT,VUT_2_1,Penama
3578,VUT,VUT_3_1,Sanma
3579,VUT,VUT_4_1,Shefa
3580,VUT,VUT_5_1,Tafea
3581,VUT,VUT_6_1,Torba
3582,WLF,WLF_1_1,Alo
3583,WLF,WLF_2_1,Singave
3584,WLF,WLF_3_1,Uvéa
3585,WSM,WSM_1_1,A'ana
3586,WSM,WSM_2_1,Aiga-i-le-Tai
3587,WSM,WSM_3_1,Atua
3588,WSM,WSM_4_1,Fa'asaleleaga
3589,WSM,WSM_5_1,Gaga'emauga
3590,WSM,WSM_6_1,Gagaifomauga
3591,WSM,WSM_7_1,Palauli
3592,WSM,WSM_8_1,Satupa'itea
3593,WSM,WSM_9_1,Tuamasaga
3594,WSM,WSM_10_1,Va'a-o-Fonoti
3595,WSM,WSM_11_1,Vaisigano
3596,XAD,XAD_1_1,Akrotiri
3597,XAD,XAD_2_1,Dhekelia
3598,XKO,XKO_1_1,Đakovica
3599,XKO,XKO_2_1,Gnjilane
3600,XKO,XKO_3_1,Kosovska Mitrovica
3601,XKO,XKO_4_1,Pećki
3602,XKO,XKO_5_1,Pristina
3603,XKO,XKO_6_1,Prizren
3604,XKO,XKO_7_1,Uroševac
3605,YEM,YEM_1_1,`Adan
3606,YEM,YEM_2_1,Abyan
3607,YEM,YEM_3_1,Al Bayda'
3608,YEM,YEM_4_1,Al Dali'
3609,YEM,YEM_5_1,Al Hudaydah
3610,YEM,YEM_6_1,Al Jawf
3611,YEM,YEM_7_1,Al Mahrah
3612,YEM,YEM_8_1,Al Mahwit
3613,YEM,YEM_9_1,Amanat Al Asimah
3614,YEM,YEM_10_1,Amran
3615,YEM,YEM_11_1,Dhamar
3616,YEM,YEM_12_1,Hadramawt
3617,YEM,YEM_13_1,Hajjah
3618,YEM,YEM_14_1,Ibb
3619,YEM,YEM_15_1,Lahij
3620,YEM,YEM_16_1,Ma'rib
3621,YEM,YEM_17_1,Raymah
3622,YEM,YEM_18_1,Sa`dah
3623,YEM,YEM_19_1,San`a'
3624,YEM,YEM_20_1,Shabwah
3625,YEM,YEM_21_1,Ta`izz
3626,ZAF,ZAF_1_1,Eastern Cape
3627,ZAF,ZAF_2_1,Free State
3628,ZAF,ZAF_3_1,Gauteng
3629,ZAF,ZAF_4_1,KwaZulu-Natal
3630,ZAF,ZAF_5_1,Limpopo
3631,ZAF,ZAF_6_1,Mpumalanga
3632,ZAF,ZAF_7_1,North West
3633,ZAF,ZAF_8_1,Northern Cape
3634,ZAF,ZAF_9_1,Western Cape
3635,ZMB,ZMB_1_1,Central
3636,ZMB,ZMB_2_1,Copperbelt
3637,ZMB,ZMB_3_1,Eastern
3638,ZMB,ZMB_4_1,Luapula
3639,ZMB,ZMB_5_1,Lusaka
3640,ZMB,ZMB_6_1,Muchinga
3641,ZMB,ZMB_7_1,North-Western
3642,ZMB,ZMB_8_1,Northern
3643,ZMB,ZMB_9_1,Southern
3644,ZMB,ZMB_10_1,Western
3645,ZNC,ZNC_1_1,Gazimağusa
3646,ZNC,ZNC_2_1,Girne
3647,ZNC,ZNC_3_1,Güzelyurt
3648,ZNC,ZNC_4_1,Iskele
3649,ZNC,ZNC_5_1,Nicosia
3650,ZWE,ZWE_1_1,Bulawayo
3651,ZWE,ZWE_2_1,Harare
3652,ZWE,ZWE_3_1,Manicaland
3653,ZWE,ZWE_4_1,Mashonaland Central
3654,ZWE,ZWE_5_1,Mashonaland East
3655,ZWE,ZWE_6_1,Mashonaland West
3656,ZWE,ZWE_7_1,Masvingo
3657,ZWE,ZWE_8_1,Matabeleland North
3658,ZWE,ZWE_9_1,Matabeleland South
3659,ZWE,ZWE_10_1,Midlands
